day,slot start,1,2,3,4,5,6,7,8,9,10,11,12,more
2008-07-16,00:00,0,0,0,0,0,0,0,0,0,0,0,0,4
2008-07-16,00:05,0,0,0,0,0,0,0,0,0,0,0,0,5
2008-07-16,00:10,0,0,0,0,0,0,0,0,0,0,0,0,8
2008-07-16,00:15,0,0,0,0,0,0,0,0,0,0,0,0,9
2008-07-16,00:20,0,0,0,0,0,0,0,0,0,0,0,0,12
2008-07-16,00:25,0,0,0,0,0,0,0,0,0,0,0,0,14
2008-07-16,00:30,0,0,0,0,0,0,0,0,0,0,0,0,17
2008-07-16,00:35,0,0,0,0,0,0,0,0,0,0,0,0,19
2008-07-16,00:40,0,0,0,0,0,0,0,0,0,0,0,0,20
2008-07-16,00:45,0,0,0,0,0,0,0,0,0,0,0,0,23
2008-07-16,00:50,0,0,0,0,0,0,0,0,0,0,0,0,22
2008-07-16,00:55,0,0,0,0,0,0,0,0,0,0,0,0,21
2008-07-16,01:00,0,0,0,0,0,0,0,0,0,0,0,0,20
2008-07-16,01:05,0,0,0,0,0,0,0,0,0,0,0,0,20
2008-07-16,01:10,0,0,0,0,0,0,0,0,0,0,0,0,17
2008-07-16,01:15,0,0,0,0,0,0,0,0,0,0,0,0,17
2008-07-16,01:20,0,0,0,0,0,0,0,0,0,0,0,4,13
2008-07-16,01:25,0,0,0,0,0,0,0,0,0,0,2,0,16
2008-07-16,01:30,0,0,0,0,0,0,0,0,0,1,0,0,18
2008-07-16,01:35,0,0,0,0,0,0,0,0,0,0,0,0,19
2008-07-16,01:40,0,0,0,0,0,0,0,0,0,0,0,0,21
2008-07-16,01:45,0,0,0,0,0,0,0,0,0,0,0,0,23
2008-07-16,01:50,0,0,0,0,0,0,0,0,0,0,0,0,24
2008-07-16,01:55,0,0,0,0,0,0,0,0,0,0,0,0,28
2008-07-16,02:00,0,0,0,0,0,0,0,0,0,0,0,0,32
2008-07-16,02:05,0,0,0,0,0,0,0,0,0,0,0,0,34
2008-07-16,02:10,0,0,0,0,0,0,0,0,0,0,0,2,37
2008-07-16,02:15,0,0,0,0,0,0,0,0,0,0,1,0,40
2008-07-16,02:20,0,0,0,0,0,0,0,0,0,1,0,0,50
2008-07-16,02:25,0,0,0,0,0,0,0,0,0,0,0,0,60
2008-07-16,02:30,0,0,0,0,0,0,0,0,0,0,0,2,63
2008-07-16,02:35,0,0,0,0,0,0,0,0,0,0,1,0,75
2008-07-16,02:40,0,0,0,0,0,0,0,0,0,1,0,0,90
2008-07-16,02:45,0,0,0,0,0,0,0,0,0,0,0,0,91
2008-07-16,02:50,0,0,0,0,0,0,0,0,0,0,0,0,106
2008-07-16,02:55,0,0,0,0,0,0,0,0,0,0,0,5,100
2008-07-16,03:00,0,0,0,0,0,0,0,0,0,0,5,4,105
2008-07-16,03:05,0,0,0,0,0,0,0,0,0,5,6,0,108
2008-07-16,03:10,0,0,0,0,0,0,0,0,4,8,0,2,115
2008-07-16,03:15,0,0,0,0,0,0,0,4,11,0,1,2,118
2008-07-16,03:20,0,0,0,0,0,0,4,14,0,1,2,3,126
2008-07-16,03:25,0,0,0,0,0,3,18,0,0,1,1,4,131
2008-07-16,03:30,0,0,0,0,3,21,0,0,0,1,3,3,144
2008-07-16,03:35,0,0,0,2,25,0,0,0,0,5,1,9,147
2008-07-16,03:40,0,0,2,26,0,0,0,0,4,1,9,10,151
2008-07-16,03:45,0,1,25,0,0,0,0,6,0,13,9,3,155
2008-07-16,03:50,1,18,0,0,0,0,8,0,17,10,1,3,165
2008-07-16,03:55,7,0,0,0,0,9,0,19,9,1,3,0,171
2008-07-16,04:00,0,0,0,0,10,0,25,8,0,5,0,4,175
2008-07-16,04:05,0,0,0,11,0,28,7,0,7,0,2,7,172
2008-07-16,04:10,0,0,10,0,33,7,0,8,0,2,5,0,185
2008-07-16,04:15,0,8,0,34,5,0,11,0,0,5,0,2,187
2008-07-16,04:20,3,0,31,4,0,13,0,0,2,0,1,0,206
2008-07-16,04:25,0,21,4,0,15,0,0,3,0,1,0,6,211
2008-07-16,04:30,11,2,0,16,0,0,2,0,0,0,3,5,222
2008-07-16,04:35,2,0,15,0,0,2,0,0,0,3,6,3,235
2008-07-16,04:40,0,11,0,0,1,0,0,0,0,8,1,6,249
2008-07-16,04:45,4,0,0,2,0,0,0,0,7,1,7,4,260
2008-07-16,04:50,0,0,1,0,0,0,0,9,0,8,4,2,270
2008-07-16,04:55,0,0,0,0,0,0,12,0,10,3,1,5,279
2008-07-16,05:00,1,0,0,0,0,14,0,12,3,1,5,3,283
2008-07-16,05:05,0,0,0,0,16,0,14,3,0,8,1,3,287
2008-07-16,05:10,0,0,0,18,0,19,2,0,8,1,2,1,289
2008-07-16,05:15,0,0,16,0,21,2,0,11,0,2,1,7,275
2008-07-16,05:20,0,11,0,22,1,0,14,0,0,1,2,6,274
2008-07-16,05:25,5,0,20,2,0,16,0,0,0,3,5,8,265
2008-07-16,05:30,0,15,1,0,19,0,0,0,0,6,7,5,256
2008-07-16,05:35,6,0,0,20,0,0,0,0,8,8,2,11,232
2008-07-16,05:40,1,0,19,0,0,0,0,9,7,2,7,3,233
2008-07-16,05:45,0,13,0,0,0,0,12,8,0,7,1,6,228
2008-07-16,05:50,6,0,0,0,0,15,12,0,3,1,3,10,212
2008-07-16,05:55,0,0,0,0,17,13,0,3,0,2,5,6,208
2008-07-16,06:00,0,0,0,18,16,0,3,0,0,4,4,0,211
2008-07-16,06:05,0,0,16,16,0,2,0,0,0,3,0,17,182
2008-07-16,06:10,0,12,15,0,2,0,0,0,3,0,14,11,169
2008-07-16,06:15,5,11,0,2,0,0,0,3,0,10,10,2,159
2008-07-16,06:20,5,0,1,0,0,0,2,0,8,9,2,3,148
2008-07-16,06:25,0,1,0,0,0,2,0,8,8,3,1,11,132
2008-07-16,06:30,1,0,0,0,1,0,6,8,4,1,7,12,111
2008-07-16,06:35,0,0,0,2,0,6,7,5,0,6,11,4,110
2008-07-16,06:40,0,0,1,0,4,5,6,0,3,10,2,8,98
2008-07-16,06:45,0,0,0,4,5,8,0,3,9,2,7,6,103
2008-07-16,06:50,1,0,3,4,8,0,2,7,0,6,2,17,88
2008-07-16,06:55,0,2,3,10,0,2,7,0,4,2,18,3,93
2008-07-16,07:00,2,2,8,0,2,5,0,4,0,18,4,3,90
2008-07-16,07:05,2,6,0,1,5,0,4,0,17,5,4,5,90
2008-07-16,07:10,3,0,2,4,0,3,0,16,7,5,2,0,96
2008-07-16,07:15,0,0,3,0,2,0,13,8,7,2,0,12,83
2008-07-16,07:20,1,2,0,2,0,12,12,9,0,0,12,4,85
2008-07-16,07:25,2,0,2,0,10,13,11,0,0,12,2,0,87
2008-07-16,07:30,0,1,0,9,16,14,0,0,12,1,0,3,84
2008-07-16,07:35,1,0,6,16,16,0,0,11,0,0,3,0,87
2008-07-16,07:40,0,4,15,17,0,0,9,0,0,5,0,2,85
2008-07-16,07:45,4,11,15,0,0,8,0,0,6,0,1,3,83
2008-07-16,07:50,5,11,0,0,6,0,0,8,0,1,2,6,83
2008-07-16,07:55,5,0,0,6,0,0,9,0,0,1,7,10,78
2008-07-16,08:00,0,0,5,0,0,12,0,0,0,8,12,3,76
2008-07-16,08:05,0,2,0,0,14,0,0,0,9,13,1,0,83
2008-07-16,08:10,3,0,0,15,0,0,0,11,18,1,0,0,81
2008-07-16,08:15,0,0,13,0,0,0,15,21,0,0,0,4,73
2008-07-16,08:20,0,10,0,0,0,17,26,0,0,0,3,0,75
2008-07-16,08:25,4,0,0,0,20,30,0,0,0,4,0,0,74
2008-07-16,08:30,0,0,0,21,34,0,0,0,2,0,0,3,69
2008-07-16,08:35,0,0,20,35,0,0,0,3,0,0,1,2,66
2008-07-16,08:40,0,14,32,0,0,0,2,0,0,1,1,0,75
2008-07-16,08:45,6,23,0,0,0,1,0,0,0,1,0,8,68
2008-07-16,08:50,11,0,0,0,2,0,0,0,0,0,7,2,77
2008-07-16,08:55,0,0,0,1,0,0,0,0,0,4,1,0,88
2008-07-16,09:00,0,0,1,0,0,0,0,0,3,1,0,0,102
2008-07-16,09:05,0,0,0,0,0,0,0,2,0,0,0,3,112
2008-07-16,09:10,1,0,0,0,0,0,2,0,0,0,4,0,123
2008-07-16,09:15,0,0,0,0,0,1,0,0,0,5,0,0,129
2008-07-16,09:20,0,0,0,0,2,0,0,0,7,0,0,0,140
2008-07-16,09:25,0,0,0,1,0,0,0,8,0,0,0,0,149
2008-07-16,09:30,0,0,1,0,0,0,12,0,0,0,0,15,141
2008-07-16,09:35,0,1,0,0,0,13,0,0,0,0,12,0,144
2008-07-16,09:40,0,0,0,0,16,0,0,0,0,13,0,0,156
2008-07-16,09:45,0,0,0,16,0,0,0,0,11,0,0,4,159
2008-07-16,09:50,0,0,15,0,0,0,0,11,0,0,5,6,159
2008-07-16,09:55,0,11,0,0,0,0,11,0,0,4,3,5,173
2008-07-16,10:00,5,0,0,0,0,10,0,0,3,3,2,0,194
2008-07-16,10:05,0,0,0,0,10,0,0,4,0,2,0,4,199
2008-07-16,10:10,0,0,0,11,0,0,3,0,0,0,2,3,219
2008-07-16,10:15,0,0,8,0,0,2,0,0,0,2,5,0,225
2008-07-16,10:20,0,5,0,0,2,0,0,0,0,6,0,14,220
2008-07-16,10:25,4,0,0,2,0,0,0,0,9,0,13,5,216
2008-07-16,10:30,0,0,1,0,0,0,0,11,0,12,7,2,214
2008-07-16,10:35,0,1,0,0,0,0,14,0,11,7,1,8,203
2008-07-16,10:40,1,0,0,0,0,17,0,10,10,1,4,2,199
2008-07-16,10:45,0,0,0,0,20,0,9,11,0,6,1,6,194
2008-07-16,10:50,0,0,0,20,0,7,13,0,5,1,3,3,196
2008-07-16,10:55,0,0,19,0,7,16,0,7,0,3,2,7,195
2008-07-16,11:00,0,14,0,5,18,0,8,0,0,2,6,3,198
2008-07-16,11:05,6,0,4,18,0,10,0,0,0,6,2,5,204
2008-07-16,11:10,0,3,16,0,12,0,0,0,3,2,3,1,221
2008-07-16,11:15,2,11,0,12,0,0,0,3,0,3,1,22,203
2008-07-16,11:20,6,0,11,0,0,0,3,0,0,1,23,14,206
2008-07-16,11:25,0,9,0,0,0,2,0,0,2,24,11,5,214
2008-07-16,11:30,3,0,0,0,2,0,0,3,22,11,6,16,204
2008-07-16,11:35,0,0,0,2,0,0,3,24,9,8,17,12,204
2008-07-16,11:40,0,0,1,0,0,4,25,8,9,19,10,22,190
2008-07-16,11:45,0,1,0,0,5,25,7,11,19,10,19,0,187
2008-07-16,11:50,1,0,0,5,25,6,14,20,8,18,0,5,183
2008-07-16,11:55,0,0,4,23,5,18,20,8,17,0,6,3,177
2008-07-16,12:00,0,4,22,4,20,20,7,14,0,7,2,10,155
2008-07-16,12:05,1,15,3,22,22,6,14,0,9,1,11,5,142
2008-07-16,12:10,9,2,19,21,5,11,0,11,0,10,3,8,130
2008-07-16,12:15,2,14,19,4,10,0,14,0,9,2,6,8,125
2008-07-16,12:20,6,13,3,7,0,17,0,8,0,8,7,6,113
2008-07-16,12:25,7,2,6,0,20,0,8,0,7,7,2,7,105
2008-07-16,12:30,2,4,0,20,0,6,0,9,8,2,5,10,99
2008-07-16,12:35,4,0,19,0,6,0,12,8,0,4,9,0,98
2008-07-16,12:40,0,14,0,4,0,14,10,0,2,9,0,0,95
2008-07-16,12:45,6,0,4,0,16,11,0,3,10,0,0,9,82
2008-07-16,12:50,0,2,0,18,12,0,2,11,0,0,10,5,75
2008-07-16,12:55,2,0,16,13,0,2,13,0,0,9,4,2,70
2008-07-16,13:00,0,11,11,0,1,15,0,0,9,5,1,7,67
2008-07-16,13:05,5,8,0,2,18,0,0,8,5,1,3,3,69
2008-07-16,13:10,4,0,1,18,0,0,8,7,0,3,1,0,80
2008-07-16,13:15,0,0,16,0,0,6,8,0,0,1,0,6,73
2008-07-16,13:20,1,12,0,0,5,11,0,0,0,0,8,0,80
2008-07-16,13:25,5,0,0,4,12,0,0,0,0,8,0,0,79
2008-07-16,13:30,0,0,4,12,0,0,0,0,6,0,0,0,81
2008-07-16,13:35,0,2,12,0,0,0,0,6,0,0,0,3,74
2008-07-16,13:40,2,8,0,0,0,0,6,0,0,0,1,0,75
2008-07-16,13:45,4,0,0,0,0,4,0,0,0,1,0,2,69
2008-07-16,13:50,0,0,0,0,4,0,0,0,0,0,1,3,67
2008-07-16,13:55,0,0,0,4,0,0,0,0,0,1,1,0,64
2008-07-16,14:00,0,0,2,0,0,0,0,0,0,1,0,2,65
2008-07-16,14:05,0,2,0,0,0,0,0,0,0,0,1,5,63
2008-07-16,14:10,2,0,0,0,0,0,0,0,0,1,4,0,67
2008-07-16,14:15,0,0,0,0,0,0,0,0,0,6,0,5,67
2008-07-16,14:20,0,0,0,0,0,0,0,0,7,0,4,3,75
2008-07-16,14:25,0,0,0,0,0,0,0,9,0,3,4,3,77
2008-07-16,14:30,0,0,0,0,0,0,11,0,3,5,1,3,86
2008-07-16,14:35,0,0,0,0,0,13,0,2,7,1,4,3,104
2008-07-16,14:40,0,0,0,0,15,0,2,9,0,6,1,1,116
2008-07-16,14:45,0,0,0,17,0,2,11,0,7,1,1,0,128
2008-07-16,14:50,0,0,15,0,2,14,0,10,0,2,0,0,142
2008-07-16,14:55,0,10,0,1,15,0,12,0,2,0,0,3,157
2008-07-16,15:00,5,0,1,17,0,15,0,3,0,0,1,0,165
2008-07-16,15:05,0,0,15,0,18,0,4,0,0,1,0,0,179
2008-07-16,15:10,1,11,0,18,0,4,0,0,0,0,0,0,185
2008-07-16,15:15,5,0,17,0,5,0,0,0,0,0,0,2,189
2008-07-16,15:20,0,12,0,6,0,0,0,0,0,0,2,3,197
2008-07-16,15:25,5,0,5,0,0,0,0,0,0,1,6,7,192
2008-07-16,15:30,0,3,0,0,0,0,0,0,0,7,3,6,198
2008-07-16,15:35,2,0,0,0,0,0,0,0,9,2,5,5,194
2008-07-16,15:40,0,0,0,0,0,0,0,12,0,6,5,4,199
2008-07-16,15:45,0,0,0,0,0,0,16,0,7,5,2,7,189
2008-07-16,15:50,0,0,0,0,0,19,0,10,3,3,6,0,203
2008-07-16,15:55,0,0,0,0,21,0,12,3,3,6,0,9,193
2008-07-16,16:00,0,0,0,23,0,15,3,4,5,0,7,10,199
2008-07-16,16:05,0,0,21,0,16,2,4,4,0,7,7,0,201
2008-07-16,16:10,0,16,0,18,2,6,4,0,7,6,0,5,208
2008-07-16,16:15,6,0,16,2,6,3,0,9,3,0,4,1,213
2008-07-16,16:20,0,12,1,6,3,0,11,4,0,6,1,3,211
2008-07-16,16:25,5,1,7,2,0,14,6,0,7,1,2,3,206
2008-07-16,16:30,1,4,2,0,16,6,0,9,0,2,2,5,207
2008-07-16,16:35,2,1,0,17,8,0,11,0,0,2,5,7,203
2008-07-16,16:40,1,0,15,8,0,13,0,0,0,6,8,4,196
2008-07-16,16:45,0,11,7,0,15,0,0,0,6,8,2,5,190
2008-07-16,16:50,5,6,0,17,0,0,0,9,10,2,2,4,188
2008-07-16,16:55,2,0,15,0,0,0,11,11,0,3,2,1,188
2008-07-16,17:00,0,10,0,0,0,14,13,0,0,2,1,3,180
2008-07-16,17:05,5,0,0,0,15,16,0,0,0,1,2,4,177
2008-07-16,17:10,0,0,0,16,18,0,0,0,0,2,2,2,178
2008-07-16,17:15,0,0,15,18,0,0,0,0,0,1,0,9,169
2008-07-16,17:20,0,11,16,0,0,0,0,0,0,1,7,6,160
2008-07-16,17:25,5,11,0,0,0,0,0,0,0,9,8,5,161
2008-07-16,17:30,6,0,0,0,0,0,0,0,9,8,4,6,154
2008-07-16,17:35,0,0,0,0,0,0,0,11,7,5,8,2,145
2008-07-16,17:40,0,0,0,0,0,0,15,11,5,9,1,5,136
2008-07-16,17:45,0,0,0,0,0,18,13,6,12,1,3,2,134
2008-07-16,17:50,0,0,0,0,21,15,8,15,0,3,1,0,129
2008-07-16,17:55,0,0,0,22,18,10,20,0,0,1,0,8,120
2008-07-16,18:00,0,0,20,19,11,23,0,0,0,0,5,16,104
2008-07-16,18:05,0,15,18,12,27,0,0,0,0,5,14,2,102
2008-07-16,18:10,6,13,11,27,0,0,0,0,3,14,2,3,96
2008-07-16,18:15,5,8,26,0,0,0,0,2,11,1,2,0,99
2008-07-16,18:20,3,19,0,0,0,0,2,11,0,2,0,3,95
2008-07-16,18:25,8,0,0,0,0,2,9,0,0,0,2,2,94
2008-07-16,18:30,0,0,0,0,2,8,0,0,0,1,1,1,93
2008-07-16,18:35,0,0,0,1,7,0,0,0,0,1,1,4,88
2008-07-16,18:40,0,0,1,5,0,0,0,0,0,1,3,3,83
2008-07-16,18:45,0,0,5,0,0,0,0,0,2,4,1,0,78
2008-07-16,18:50,1,2,0,0,0,0,0,3,3,1,0,7,73
2008-07-16,18:55,3,0,0,0,0,0,3,3,0,0,4,0,73
2008-07-16,19:00,0,0,0,0,0,4,3,0,0,2,0,3,78
2008-07-16,19:05,0,0,0,0,4,3,0,0,0,0,1,6,74
2008-07-16,19:10,0,0,0,5,2,0,0,0,0,1,8,3,75
2008-07-16,19:15,0,0,4,1,0,0,0,0,0,10,1,0,77
2008-07-16,19:20,0,4,1,0,0,0,0,0,14,1,0,0,82
2008-07-16,19:25,1,1,0,0,0,0,0,19,0,0,0,5,77
2008-07-16,19:30,1,0,0,0,0,0,22,0,0,0,2,0,74
2008-07-16,19:35,0,0,0,0,0,29,0,0,0,2,0,0,73
2008-07-16,19:40,0,0,0,0,32,0,0,0,0,0,0,0,71
2008-07-16,19:45,0,0,0,34,0,0,0,0,0,0,0,0,67
2008-07-16,19:50,0,0,31,0,0,0,0,0,0,0,0,0,59
2008-07-16,19:55,0,23,0,0,0,0,0,0,0,0,0,7,42
2008-07-16,20:00,10,0,0,0,0,0,0,0,0,0,3,2,40
2008-07-16,20:05,0,0,0,0,0,0,0,0,0,3,1,3,34
2008-07-16,20:10,0,0,0,0,0,0,0,0,0,1,5,0,32
2008-07-16,20:15,0,0,0,0,0,0,0,0,0,6,0,2,27
2008-07-16,20:20,0,0,0,0,0,0,0,0,9,0,1,0,27
2008-07-16,20:25,0,0,0,0,0,0,0,11,0,1,0,4,21
2008-07-16,20:30,0,0,0,0,0,0,14,0,0,0,2,0,23
2008-07-16,20:35,0,0,0,0,0,18,0,0,0,2,0,0,26
2008-07-16,20:40,0,0,0,0,19,0,0,0,0,0,0,0,26
2008-07-16,20:45,0,0,0,21,0,0,0,0,0,0,0,0,25
2008-07-16,20:50,0,0,19,0,0,0,0,0,0,0,0,0,25
2008-07-16,20:55,0,14,0,0,0,0,0,0,0,0,0,0,24
2008-07-16,21:00,6,0,0,0,0,0,0,0,0,0,0,0,21
2008-07-16,21:05,0,0,0,0,0,0,0,0,0,0,0,3,15
2008-07-16,21:10,0,0,0,0,0,0,0,0,0,0,1,2,12
2008-07-16,21:15,0,0,0,0,0,0,0,0,0,1,4,0,9
2008-07-16,21:20,0,0,0,0,0,0,0,0,0,6,0,0,7
2008-07-16,21:25,0,0,0,0,0,0,0,0,7,0,0,0,5
2008-07-16,21:30,0,0,0,0,0,0,0,9,0,0,0,3,0
2008-07-16,21:35,0,0,0,0,0,0,12,0,0,0,1,0,0
2008-07-16,21:40,0,0,0,0,0,14,0,0,0,1,0,0,0
2008-07-16,21:45,0,0,0,0,16,0,0,0,0,0,0,0,0
2008-07-16,21:50,0,0,0,18,0,0,0,0,0,0,0,0,0
2008-07-16,21:55,0,0,16,0,0,0,0,0,0,0,0,0,2
2008-07-16,22:00,0,11,0,0,0,0,0,0,0,0,0,0,4
2008-07-16,22:05,5,0,0,0,0,0,0,0,0,0,0,0,4
2008-07-16,22:10,0,0,0,0,0,0,0,0,0,0,0,0,6
2008-07-16,22:15,0,0,0,0,0,0,0,0,0,0,0,0,7
2008-07-16,22:20,0,0,0,0,0,0,0,0,0,0,0,0,10
2008-07-16,22:25,0,0,0,0,0,0,0,0,0,0,0,0,11
2008-07-16,22:30,0,0,0,0,0,0,0,0,0,0,0,0,14
2008-07-16,22:35,0,0,0,0,0,0,0,0,0,0,0,0,15
2008-07-16,22:40,0,0,0,0,0,0,0,0,0,0,0,0,16
2008-07-16,22:45,0,0,0,0,0,0,0,0,0,0,0,0,16
2008-07-16,22:50,0,0,0,0,0,0,0,0,0,0,0,0,17
2008-07-16,22:55,0,0,0,0,0,0,0,0,0,0,0,0,14
2008-07-16,23:00,0,0,0,0,0,0,0,0,0,0,0,0,13
2008-07-16,23:05,0,0,0,0,0,0,0,0,0,0,0,0,10
2008-07-16,23:10,0,0,0,0,0,0,0,0,0,0,0,0,8
2008-07-16,23:15,0,0,0,0,0,0,0,0,0,0,0,0,5
2008-07-16,23:20,0,0,0,0,0,0,0,0,0,0,0,2,0
2008-07-16,23:25,0,0,0,0,0,0,0,0,0,0,2,0,0
2008-07-16,23:30,0,0,0,0,0,0,0,0,0,1,0,0,0
2008-07-16,23:35,0,0,0,0,0,0,0,0,0,0,0,0,2
2008-07-16,23:40,0,0,0,0,0,0,0,0,0,0,0,0,2
2008-07-16,23:45,0,0,0,0,0,0,0,0,0,0,0,0,4
2008-07-16,23:50,0,0,0,0,0,0,0,0,0,0,0,0,4
2008-07-16,23:55,0,0,0,0,0,0,0,0,0,0,0,0,6
2008-07-17,00:00,0,0,0,0,0,0,0,0,0,0,0,0,7
2008-07-17,00:05,0,0,0,0,0,0,0,0,0,0,0,0,9
2008-07-17,00:10,0,0,0,0,0,0,0,0,0,0,0,0,11
2008-07-17,00:15,0,0,0,0,0,0,0,0,0,0,0,0,11
2008-07-17,00:20,0,0,0,0,0,0,0,0,0,0,0,0,13
2008-07-17,00:25,0,0,0,0,0,0,0,0,0,0,0,0,13
2008-07-17,00:30,0,0,0,0,0,0,0,0,0,0,0,0,12
2008-07-17,00:35,0,0,0,0,0,0,0,0,0,0,0,0,12
2008-07-17,00:40,0,0,0,0,0,0,0,0,0,0,0,0,9
2008-07-17,00:45,0,0,0,0,0,0,0,0,0,0,0,0,9
2008-07-17,00:50,0,0,0,0,0,0,0,0,0,0,0,0,8
2008-07-17,00:55,0,0,0,0,0,0,0,0,0,0,0,0,8
2008-07-17,01:00,0,0,0,0,0,0,0,0,0,0,0,2,6
2008-07-17,01:05,0,0,0,0,0,0,0,0,0,0,1,0,7
2008-07-17,01:10,0,0,0,0,0,0,0,0,0,1,0,0,10
2008-07-17,01:15,0,0,0,0,0,0,0,0,0,0,0,0,11
2008-07-17,01:20,0,0,0,0,0,0,0,0,0,0,0,0,15
2008-07-17,01:25,0,0,0,0,0,0,0,0,0,0,0,0,17
2008-07-17,01:30,0,0,0,0,0,0,0,0,0,0,0,0,18
2008-07-17,01:35,0,0,0,0,0,0,0,0,0,0,0,0,20
2008-07-17,01:40,0,0,0,0,0,0,0,0,0,0,0,0,21
2008-07-17,01:45,0,0,0,0,0,0,0,0,0,0,0,0,20
2008-07-17,01:50,0,0,0,0,0,0,0,0,0,0,0,0,19
2008-07-17,01:55,0,0,0,0,0,0,0,0,0,0,0,0,17
2008-07-17,02:00,0,0,0,0,0,0,0,0,0,0,0,0,15
2008-07-17,02:05,0,0,0,0,0,0,0,0,0,0,0,0,16
2008-07-17,02:10,0,0,0,0,0,0,0,0,0,0,0,2,13
2008-07-17,02:15,0,0,0,0,0,0,0,0,0,0,0,0,13
2008-07-17,02:20,0,0,0,0,0,0,0,0,0,1,0,2,14
2008-07-17,02:25,0,0,0,0,0,0,0,0,0,0,1,0,16
2008-07-17,02:30,0,0,0,0,0,0,0,0,0,1,0,0,23
2008-07-17,02:35,0,0,0,0,0,0,0,0,0,0,0,0,28
2008-07-17,02:40,0,0,0,0,0,0,0,0,0,0,0,0,34
2008-07-17,02:45,0,0,0,0,0,0,0,0,0,0,0,0,39
2008-07-17,02:50,0,0,0,0,0,0,0,0,0,0,0,0,50
2008-07-17,02:55,0,0,0,0,0,0,0,0,0,0,0,5,51
2008-07-17,03:00,0,0,0,0,0,0,0,0,0,0,5,4,61
2008-07-17,03:05,0,0,0,0,0,0,0,0,0,4,7,0,68
2008-07-17,03:10,0,0,0,0,0,0,0,0,5,9,0,0,79
2008-07-17,03:15,0,0,0,0,0,0,0,4,11,0,0,0,95
2008-07-17,03:20,0,0,0,0,0,0,3,16,0,0,0,2,107
2008-07-17,03:25,0,0,0,0,0,4,19,0,0,0,3,2,119
2008-07-17,03:30,0,0,0,0,2,24,0,0,0,3,1,14,119
2008-07-17,03:35,0,0,0,2,26,0,0,0,5,1,12,16,121
2008-07-17,03:40,0,0,2,29,0,0,0,6,0,12,20,19,118
2008-07-17,03:45,0,1,27,0,0,0,8,0,11,22,18,0,129
2008-07-17,03:50,1,19,0,0,0,9,0,10,26,19,0,3,138
2008-07-17,03:55,8,0,0,0,11,0,8,28,18,0,3,10,140
2008-07-17,04:00,0,0,0,12,0,8,32,16,0,5,10,2,140
2008-07-17,04:05,0,0,10,0,6,37,15,0,7,9,1,3,139
2008-07-17,04:10,0,8,0,5,40,12,0,9,10,1,2,0,139
2008-07-17,04:15,3,0,4,40,10,0,11,8,0,3,0,2,144
2008-07-17,04:20,0,3,36,8,0,13,8,0,2,0,1,5,153
2008-07-17,04:25,2,24,8,0,15,6,0,3,0,1,1,3,159
2008-07-17,04:30,13,4,0,16,6,0,2,0,0,2,2,7,164
2008-07-17,04:35,4,0,15,4,0,1,0,0,0,2,9,1,180
2008-07-17,04:40,0,11,4,0,2,0,0,0,0,13,1,6,186
2008-07-17,04:45,4,2,0,1,0,0,0,0,12,1,3,4,209
2008-07-17,04:50,2,0,1,0,0,0,0,17,0,3,3,0,212
2008-07-17,04:55,0,0,0,0,0,0,21,0,2,4,0,0,223
2008-07-17,05:00,1,0,0,0,0,26,0,3,3,0,0,0,225
2008-07-17,05:05,0,0,0,0,29,0,3,3,0,0,0,4,219
2008-07-17,05:10,0,0,0,30,0,4,3,0,0,0,2,7,211
2008-07-17,05:15,0,0,29,0,5,3,0,0,0,2,6,6,209
2008-07-17,05:20,0,21,0,5,2,0,0,0,0,8,2,5,195
2008-07-17,05:25,9,0,4,1,0,0,0,0,8,2,5,6,199
2008-07-17,05:30,0,4,1,0,0,0,0,10,0,7,6,0,211
2008-07-17,05:35,1,1,0,0,0,0,13,0,9,8,0,6,238
2008-07-17,05:40,1,0,0,0,0,15,0,10,7,0,4,6,330
2008-07-17,05:45,0,0,0,0,17,0,14,8,0,5,2,10,457
2008-07-17,05:50,0,0,0,19,0,16,11,0,3,2,5,3,607
2008-07-17,05:55,0,0,17,0,19,13,0,3,0,3,2,7,693
2008-07-17,06:00,0,13,0,20,15,0,3,0,0,1,4,0,658
2008-07-17,06:05,5,0,18,16,0,2,0,0,0,4,0,12,491
2008-07-17,06:10,0,13,15,0,2,0,0,0,2,0,11,8,322
2008-07-17,06:15,6,11,0,1,0,0,0,3,0,9,10,4,202
2008-07-17,06:20,4,0,1,0,0,0,2,0,8,8,3,0,149
2008-07-17,06:25,0,1,0,0,0,1,0,7,7,3,0,7,120
2008-07-17,06:30,1,0,0,0,2,0,6,8,4,0,4,9,104
2008-07-17,06:35,0,0,0,1,0,6,6,4,0,5,10,4,106
2008-07-17,06:40,0,0,1,0,5,5,6,0,2,10,2,12,96
2008-07-17,06:45,0,0,0,3,5,7,0,3,9,2,8,0,99
2008-07-17,06:50,1,0,3,3,8,0,2,8,0,7,0,4,104
2008-07-17,06:55,0,2,3,9,0,1,8,0,5,0,2,3,111
2008-07-17,07:00,2,2,8,0,2,6,0,4,0,1,4,6,110
2008-07-17,07:05,2,6,0,1,6,0,4,0,0,5,5,2,113
2008-07-17,07:10,2,0,1,4,0,3,0,0,8,6,1,0,118
2008-07-17,07:15,0,0,4,0,3,0,0,9,7,1,0,13,109
2008-07-17,07:20,1,2,0,2,0,0,11,9,0,0,13,0,107
2008-07-17,07:25,2,0,2,0,0,15,11,0,0,13,0,0,107
2008-07-17,07:30,0,1,0,0,16,14,0,0,12,0,0,7,96
2008-07-17,07:35,1,0,0,17,15,0,0,11,0,0,7,2,96
2008-07-17,07:40,0,0,16,17,0,0,11,0,0,7,1,4,96
2008-07-17,07:45,0,11,15,0,0,8,0,0,6,1,2,0,96
2008-07-17,07:50,5,11,0,0,7,0,0,9,0,2,0,3,103
2008-07-17,07:55,5,0,0,6,0,0,10,0,0,0,4,9,97
2008-07-17,08:00,0,0,5,0,0,13,0,0,0,6,11,9,92
2008-07-17,08:05,0,3,0,0,15,0,0,0,8,13,3,0,103
2008-07-17,08:10,3,0,0,16,0,0,0,10,18,3,0,0,108
2008-07-17,08:15,0,0,14,0,0,0,12,20,0,0,0,4,103
2008-07-17,08:20,0,11,0,0,0,15,24,0,0,0,4,0,108
2008-07-17,08:25,4,0,0,0,18,30,0,0,0,3,0,0,114
2008-07-17,08:30,0,0,0,18,33,0,0,0,3,0,0,2,109
2008-07-17,08:35,0,0,17,33,0,0,0,2,0,0,1,2,105
2008-07-17,08:40,0,13,31,0,0,0,2,0,0,1,1,0,106
2008-07-17,08:45,5,23,0,0,0,2,0,0,0,1,0,6,102
2008-07-17,08:50,10,0,0,0,2,0,0,0,0,0,4,5,95
2008-07-17,08:55,0,0,0,1,0,0,0,0,0,4,2,0,99
2008-07-17,09:00,0,0,1,0,0,0,0,0,3,2,0,5,97
2008-07-17,09:05,0,0,0,0,0,0,0,2,0,0,2,3,98
2008-07-17,09:10,1,0,0,0,0,0,2,0,0,2,4,0,101
2008-07-17,09:15,0,0,0,0,0,2,0,0,0,5,0,1,99
2008-07-17,09:20,0,0,0,0,2,0,0,0,7,0,1,3,100
2008-07-17,09:25,0,0,0,1,0,0,0,8,0,1,1,0,106
2008-07-17,09:30,0,0,1,0,0,0,12,0,0,1,0,5,96
2008-07-17,09:35,0,0,0,0,0,13,0,0,0,0,3,0,102
2008-07-17,09:40,1,0,0,0,16,0,0,0,0,3,0,0,111
2008-07-17,09:45,0,0,0,16,0,0,0,0,2,0,0,4,111
2008-07-17,09:50,0,0,15,0,0,0,0,3,0,0,4,9,109
2008-07-17,09:55,0,11,0,0,0,0,3,0,0,3,4,0,135
2008-07-17,10:00,5,0,0,0,0,4,0,0,4,4,0,2,150
2008-07-17,10:05,0,0,0,0,5,0,0,3,0,0,1,1,162
2008-07-17,10:10,0,0,0,5,0,0,3,0,0,1,1,3,177
2008-07-17,10:15,0,0,4,0,0,2,0,0,0,1,4,0,189
2008-07-17,10:20,0,4,0,0,2,0,0,0,0,6,0,0,197
2008-07-17,10:25,1,0,0,2,0,0,0,0,8,0,0,5,197
2008-07-17,10:30,0,0,1,0,0,0,0,10,0,0,7,3,188
2008-07-17,10:35,0,1,0,0,0,0,12,0,0,7,1,2,189
2008-07-17,10:40,1,0,0,0,0,15,0,0,10,1,3,7,195
2008-07-17,10:45,0,0,0,0,18,0,0,11,0,3,3,5,194
2008-07-17,10:50,0,0,0,18,0,0,14,0,5,2,2,5,185
2008-07-17,10:55,0,0,17,0,0,16,0,6,0,2,2,3,189
2008-07-17,11:00,0,13,0,0,18,0,8,0,0,2,4,4,178
2008-07-17,11:05,5,0,0,17,0,10,0,0,0,4,2,4,173
2008-07-17,11:10,0,0,17,0,11,0,0,0,3,2,3,1,184
2008-07-17,11:15,0,11,0,11,0,0,0,3,0,3,1,16,169
2008-07-17,11:20,6,0,11,0,0,0,3,0,0,1,16,17,162
2008-07-17,11:25,0,8,0,0,0,2,0,0,3,16,11,3,173
2008-07-17,11:30,3,0,0,0,2,0,0,2,16,12,6,16,163
2008-07-17,11:35,0,0,0,2,0,0,4,17,8,8,17,8,155
2008-07-17,11:40,0,0,1,0,0,4,18,7,10,18,9,28,123
2008-07-17,11:45,0,1,0,0,5,19,7,13,19,8,27,0,120
2008-07-17,11:50,1,0,0,5,21,6,17,19,8,25,0,3,113
2008-07-17,11:55,0,0,4,21,4,21,21,8,23,0,5,0,105
2008-07-17,12:00,0,4,19,4,23,22,6,22,0,6,0,15,85
2008-07-17,12:05,1,13,3,25,21,6,18,0,9,0,12,5,72
2008-07-17,12:10,7,2,23,21,4,16,0,11,0,12,3,7,66
2008-07-17,12:15,2,17,19,4,13,0,14,0,9,1,6,2,66
2008-07-17,12:20,7,14,3,12,0,17,0,9,1,7,3,9,57
2008-07-17,12:25,7,2,8,0,19,0,8,0,9,3,6,2,52
2008-07-17,12:30,2,6,0,20,0,6,0,12,5,4,3,6,52
2008-07-17,12:35,5,0,19,0,6,0,14,6,3,2,6,0,52
2008-07-17,12:40,0,14,0,4,0,18,8,2,3,8,0,2,51
2008-07-17,12:45,6,0,3,0,20,9,2,2,10,0,1,3,54
2008-07-17,12:50,0,3,0,22,11,2,2,12,0,1,1,2,53
2008-07-17,12:55,2,0,19,12,2,2,14,0,0,1,2,0,55
2008-07-17,13:00,0,15,10,1,2,16,0,0,0,3,0,0,56
2008-07-17,13:05,6,8,1,1,19,0,0,0,4,0,1,0,58
2008-07-17,13:10,3,0,1,19,0,0,0,6,0,0,0,0,58
2008-07-17,13:15,1,0,17,0,0,0,7,0,0,0,0,11,50
2008-07-17,13:20,1,12,0,0,0,9,0,0,0,0,7,0,57
2008-07-17,13:25,6,0,0,0,9,0,0,0,0,9,0,3,59
2008-07-17,13:30,0,0,0,11,0,0,0,0,6,0,1,0,66
2008-07-17,13:35,0,0,9,0,0,0,0,6,0,1,0,3,71
2008-07-17,13:40,0,7,0,0,0,0,6,0,0,0,1,0,77
2008-07-17,13:45,3,0,0,0,0,6,0,0,0,1,0,0,87
2008-07-17,13:50,0,0,0,0,4,0,0,0,0,0,0,10,81
2008-07-17,13:55,0,0,0,2,0,0,0,0,0,0,9,0,86
2008-07-17,14:00,0,0,2,0,0,0,0,0,0,9,0,3,83
2008-07-17,14:05,0,2,0,0,0,0,0,0,9,0,4,5,82
2008-07-17,14:10,2,0,0,0,0,0,0,8,0,5,4,0,86
2008-07-17,14:15,0,0,0,0,0,0,8,0,7,4,0,5,90
2008-07-17,14:20,0,0,0,0,0,6,0,8,5,0,3,3,114
2008-07-17,14:25,0,0,0,0,5,0,12,6,0,4,3,0,161
2008-07-17,14:30,0,0,0,4,0,13,8,0,2,5,0,8,242
2008-07-17,14:35,0,0,4,0,16,9,0,3,7,0,6,3,346
2008-07-17,14:40,0,2,0,16,11,0,2,8,0,8,1,1,408
2008-07-17,14:45,2,0,15,11,0,1,11,0,8,1,1,6,389
2008-07-17,14:50,0,11,10,0,2,13,0,10,0,1,2,0,325
2008-07-17,14:55,5,8,0,1,15,0,13,0,2,2,0,0,235
2008-07-17,15:00,3,0,1,16,0,15,0,3,0,0,0,0,194
2008-07-17,15:05,0,0,15,0,17,0,3,0,0,0,0,0,176
2008-07-17,15:10,1,11,0,19,0,4,0,0,0,0,0,0,183
2008-07-17,15:15,4,0,17,0,4,0,0,0,0,0,0,0,195
2008-07-17,15:20,0,13,0,5,0,0,0,0,0,0,0,2,200
2008-07-17,15:25,5,0,4,0,0,0,0,0,0,0,1,0,208
2008-07-17,15:30,0,4,0,0,0,0,0,0,0,1,0,3,212
2008-07-17,15:35,1,0,0,0,0,0,0,0,0,0,1,8,211
2008-07-17,15:40,0,0,0,0,0,0,0,0,0,1,6,1,213
2008-07-17,15:45,0,0,0,0,0,0,0,0,0,4,1,7,211
2008-07-17,15:50,0,0,0,0,0,0,0,0,4,2,6,0,210
2008-07-17,15:55,0,0,0,0,0,0,0,3,3,6,0,16,203
2008-07-17,16:00,0,0,0,0,0,0,3,4,4,0,10,9,205
2008-07-17,16:05,0,0,0,0,0,2,4,4,0,9,4,2,214
2008-07-17,16:10,0,0,0,0,2,6,4,0,7,6,1,2,223
2008-07-17,16:15,0,0,0,2,6,3,0,9,4,1,1,2,231
2008-07-17,16:20,0,0,1,6,3,0,12,4,0,1,1,2,232
2008-07-17,16:25,0,1,7,2,0,14,6,0,0,1,1,2,225
2008-07-17,16:30,1,4,2,0,16,7,0,0,0,1,1,3,213
2008-07-17,16:35,2,1,0,16,8,0,0,0,0,1,4,4,198
2008-07-17,16:40,1,0,16,8,0,0,0,0,0,4,4,10,167
2008-07-17,16:45,0,11,8,0,0,0,0,0,5,3,10,7,145
2008-07-17,16:50,5,6,0,0,0,0,0,6,3,10,3,4,124
2008-07-17,16:55,2,0,0,0,0,0,7,2,9,4,2,9,106
2008-07-17,17:00,0,0,0,0,0,9,2,8,0,2,5,2,97
2008-07-17,17:05,0,0,0,0,11,2,7,0,0,3,1,3,84
2008-07-17,17:10,0,0,0,11,2,6,0,0,0,2,1,5,79
2008-07-17,17:15,0,0,10,1,5,0,0,0,0,1,2,3,74
2008-07-17,17:20,0,8,1,5,0,0,0,0,0,2,1,8,73
2008-07-17,17:25,3,0,3,0,0,0,0,0,0,1,6,3,81
2008-07-17,17:30,1,2,0,0,0,0,0,0,0,7,3,8,79
2008-07-17,17:35,2,0,0,0,0,0,0,0,7,5,12,0,82
2008-07-17,17:40,0,0,0,0,0,0,0,9,7,15,0,2,87
2008-07-17,17:45,0,0,0,0,0,0,11,9,18,0,1,2,92
2008-07-17,17:50,0,0,0,0,0,14,11,23,0,1,1,0,97
2008-07-17,17:55,0,0,0,0,15,13,31,0,0,1,0,3,105
2008-07-17,18:00,0,0,0,17,15,37,0,0,0,0,3,10,98
2008-07-17,18:05,0,0,15,17,43,0,0,0,0,3,10,0,103
2008-07-17,18:10,0,11,15,44,0,0,0,0,3,9,0,1,104
2008-07-17,18:15,5,10,41,0,0,0,0,2,8,0,1,0,109
2008-07-17,18:20,5,30,0,0,0,0,3,8,0,1,0,4,111
2008-07-17,18:25,13,0,0,0,0,2,6,0,0,0,2,2,111
2008-07-17,18:30,0,0,0,0,1,6,0,0,0,2,1,4,115
2008-07-17,18:35,0,0,0,2,4,0,0,0,0,1,5,3,104
2008-07-17,18:40,0,0,1,4,0,0,0,0,0,6,4,0,106
2008-07-17,18:45,0,0,3,0,0,0,0,0,10,4,0,3,97
2008-07-17,18:50,1,2,0,0,0,0,0,11,3,0,1,7,91
2008-07-17,18:55,2,0,0,0,0,0,15,3,0,1,3,0,85
2008-07-17,19:00,0,0,0,0,0,18,3,0,0,2,0,3,90
2008-07-17,19:05,0,0,0,0,20,2,0,0,0,0,1,3,85
2008-07-17,19:10,0,0,0,22,2,0,0,0,0,1,5,3,82
2008-07-17,19:15,0,0,19,2,0,0,0,0,0,6,1,3,79
2008-07-17,19:20,0,15,1,0,0,0,0,0,9,1,1,0,83
2008-07-17,19:25,6,1,0,0,0,0,0,11,0,1,0,6,78
2008-07-17,19:30,1,0,0,0,0,0,14,0,0,0,2,0,79
2008-07-17,19:35,0,0,0,0,0,18,0,0,0,2,0,0,80
2008-07-17,19:40,0,0,0,0,19,0,0,0,0,0,0,0,76
2008-07-17,19:45,0,0,0,21,0,0,0,0,0,0,0,0,70
2008-07-17,19:50,0,0,19,0,0,0,0,0,0,0,1,0,62
2008-07-17,19:55,0,14,0,0,0,0,0,0,0,0,0,6,48
2008-07-17,20:00,6,0,0,0,0,0,0,0,0,0,3,2,42
2008-07-17,20:05,0,0,0,0,0,0,0,0,0,2,1,0,34
2008-07-17,20:10,0,0,0,0,0,0,0,0,0,1,0,0,28
2008-07-17,20:15,0,0,0,0,0,0,0,0,0,0,0,2,23
2008-07-17,20:20,0,0,0,0,0,0,0,0,0,0,1,2,15
2008-07-17,20:25,0,0,0,0,0,0,0,0,0,1,1,7,9
2008-07-17,20:30,0,0,0,0,0,0,0,0,0,1,6,0,9
2008-07-17,20:35,0,0,0,0,0,0,0,0,0,7,0,0,12
2008-07-17,20:40,0,0,0,0,0,0,0,0,7,0,0,0,11
2008-07-17,20:45,0,0,0,0,0,0,0,10,0,0,0,0,12
2008-07-17,20:50,0,0,0,0,0,0,12,0,0,0,0,0,12
2008-07-17,20:55,0,0,0,0,0,15,0,0,0,0,0,0,12
2008-07-17,21:00,0,0,0,0,16,0,0,0,0,0,0,0,10
2008-07-17,21:05,0,0,0,18,0,0,0,0,0,0,0,0,9
2008-07-17,21:10,0,0,16,0,0,0,0,0,0,0,0,3,6
2008-07-17,21:15,0,12,0,0,0,0,0,0,0,0,4,0,3
2008-07-17,21:20,5,0,0,0,0,0,0,0,0,5,0,2,0
2008-07-17,21:25,0,0,0,0,0,0,0,0,8,0,1,0,0
2008-07-17,21:30,0,0,0,0,0,0,0,9,0,1,0,0,0
2008-07-17,21:35,0,0,0,0,0,0,11,0,0,0,0,0,0
2008-07-17,21:40,0,0,0,0,0,15,0,0,0,0,0,0,0
2008-07-17,21:45,0,0,0,0,16,0,0,0,0,0,0,0,0
2008-07-17,21:50,0,0,0,17,0,0,0,0,0,0,0,0,0
2008-07-17,21:55,0,0,16,0,0,0,0,0,0,0,0,0,0
2008-07-17,22:00,0,11,0,0,0,0,0,0,0,0,0,0,0
2008-07-17,22:05,5,0,0,0,0,0,0,0,0,0,0,0,0
2008-07-17,22:10,0,0,0,0,0,0,0,0,0,0,0,0,0
2008-07-17,22:15,0,0,0,0,0,0,0,0,0,0,0,0,0
2008-07-17,22:20,0,0,0,0,0,0,0,0,0,0,0,0,0
2008-07-17,22:25,0,0,0,0,0,0,0,0,0,0,0,0,1
2008-07-17,22:30,0,0,0,0,0,0,0,0,0,0,0,0,2
2008-07-17,22:35,0,0,0,0,0,0,0,0,0,0,0,0,3
2008-07-17,22:40,0,0,0,0,0,0,0,0,0,0,0,0,4
2008-07-17,22:45,0,0,0,0,0,0,0,0,0,0,0,0,4
2008-07-17,22:50,0,0,0,0,0,0,0,0,0,0,0,0,6
2008-07-17,22:55,0,0,0,0,0,0,0,0,0,0,0,0,7
2008-07-17,23:00,0,0,0,0,0,0,0,0,0,0,0,0,8
2008-07-17,23:05,0,0,0,0,0,0,0,0,0,0,0,0,9
2008-07-17,23:10,0,0,0,0,0,0,0,0,0,0,0,0,10
2008-07-17,23:15,0,0,0,0,0,0,0,0,0,0,0,0,10
2008-07-17,23:20,0,0,0,0,0,0,0,0,0,0,0,0,9
2008-07-17,23:25,0,0,0,0,0,0,0,0,0,0,0,0,9
2008-07-17,23:30,0,0,0,0,0,0,0,0,0,0,0,0,8
2008-07-17,23:35,0,0,0,0,0,0,0,0,0,0,0,0,6
2008-07-17,23:40,0,0,0,0,0,0,0,0,0,0,0,0,5
2008-07-17,23:45,0,0,0,0,0,0,0,0,0,0,0,0,5
2008-07-17,23:50,0,0,0,0,0,0,0,0,0,0,0,1,3
2008-07-17,23:55,0,0,0,0,0,0,0,0,0,0,1,0,4
2008-07-18,00:00,0,0,0,0,0,0,0,0,0,1,0,0,5
2008-07-18,00:05,0,0,0,0,0,0,0,0,0,0,0,0,6
2008-07-18,00:10,0,0,0,0,0,0,0,0,0,0,0,0,9
2008-07-18,00:15,0,0,0,0,0,0,0,0,0,0,0,0,10
2008-07-18,00:20,0,0,0,0,0,0,0,0,0,0,0,0,11
2008-07-18,00:25,0,0,0,0,0,0,0,0,0,0,0,0,13
2008-07-18,00:30,0,0,0,0,0,0,0,0,0,0,0,0,14
2008-07-18,00:35,0,0,0,0,0,0,0,0,0,0,0,0,15
2008-07-18,00:40,0,0,0,0,0,0,0,0,0,0,0,0,14
2008-07-18,00:45,0,0,0,0,0,0,0,0,0,0,0,0,15
2008-07-18,00:50,0,0,0,0,0,0,0,0,0,0,0,0,15
2008-07-18,00:55,0,0,0,0,0,0,0,0,0,0,0,0,13
2008-07-18,01:00,0,0,0,0,0,0,0,0,0,0,0,0,14
2008-07-18,01:05,0,0,0,0,0,0,0,0,0,0,0,0,18
2008-07-18,01:10,0,0,0,0,0,0,0,0,0,0,0,3,17
2008-07-18,01:15,0,0,0,0,0,0,0,0,0,0,1,0,22
2008-07-18,01:20,0,0,0,0,0,0,0,0,0,1,0,0,27
2008-07-18,01:25,0,0,0,0,0,0,0,0,0,0,0,0,34
2008-07-18,01:30,0,0,0,0,0,0,0,0,0,0,0,0,40
2008-07-18,01:35,0,0,0,0,0,0,0,0,0,0,0,0,43
2008-07-18,01:40,0,0,0,0,0,0,0,0,0,0,0,0,49
2008-07-18,01:45,0,0,0,0,0,0,0,0,0,0,0,0,52
2008-07-18,01:50,0,0,0,0,0,0,0,0,0,0,0,0,52
2008-07-18,01:55,0,0,0,0,0,0,0,0,0,0,0,0,56
2008-07-18,02:00,0,0,0,0,0,0,0,0,0,0,0,0,54
2008-07-18,02:05,0,0,0,0,0,0,0,0,0,0,0,0,52
2008-07-18,02:10,0,0,0,0,0,0,0,0,0,0,0,2,51
2008-07-18,02:15,0,0,0,0,0,0,0,0,0,0,1,14,36
2008-07-18,02:20,0,0,0,0,0,0,0,0,0,1,14,0,39
2008-07-18,02:25,0,0,0,0,0,0,0,0,0,15,0,0,38
2008-07-18,02:30,0,0,0,0,0,0,0,0,16,0,0,5,42
2008-07-18,02:35,0,0,0,0,0,0,0,17,0,0,2,0,46
2008-07-18,02:40,0,0,0,0,0,0,18,0,0,2,0,0,56
2008-07-18,02:45,0,0,0,0,0,21,0,0,0,0,0,0,60
2008-07-18,02:50,0,0,0,0,21,0,0,0,0,0,0,0,65
2008-07-18,02:55,0,0,0,21,0,0,0,0,0,0,0,4,69
2008-07-18,03:00,0,0,19,0,0,0,0,0,0,0,5,5,70
2008-07-18,03:05,0,13,0,0,0,0,0,0,0,5,5,0,76
2008-07-18,03:10,7,0,0,0,0,0,0,0,5,7,0,3,88
2008-07-18,03:15,0,0,0,0,0,0,0,4,10,0,1,0,94
2008-07-18,03:20,0,0,0,0,0,0,4,12,0,1,0,2,103
2008-07-18,03:25,0,0,0,0,0,3,16,0,0,0,0,4,109
2008-07-18,03:30,0,0,0,0,3,19,0,0,0,1,4,12,109
2008-07-18,03:35,0,0,0,2,22,0,0,0,0,4,12,26,94
2008-07-18,03:40,0,0,2,23,0,0,0,0,5,12,25,12,100
2008-07-18,03:45,0,1,21,0,0,0,0,6,12,26,9,0,104
2008-07-18,03:50,1,16,0,0,0,0,8,10,27,11,0,3,112
2008-07-18,03:55,6,0,0,0,0,9,10,28,9,0,3,4,116
2008-07-18,04:00,0,0,0,0,11,8,28,8,0,5,2,0,128
2008-07-18,04:05,0,0,0,11,7,28,7,0,7,2,0,2,138
2008-07-18,04:10,0,0,10,5,27,7,0,8,0,0,3,0,148
2008-07-18,04:15,0,8,4,28,5,0,11,0,0,2,0,1,145
2008-07-18,04:20,3,4,23,4,0,13,0,0,3,0,1,0,170
2008-07-18,04:25,2,15,4,0,15,0,0,2,0,1,0,3,179
2008-07-18,04:30,10,2,0,16,0,0,2,0,0,0,2,5,184
2008-07-18,04:35,2,0,15,0,0,2,0,0,0,2,6,3,202
2008-07-18,04:40,0,11,0,0,2,0,0,0,0,7,1,5,216
2008-07-18,04:45,4,0,0,1,0,0,0,0,8,1,6,4,228
2008-07-18,04:50,0,0,1,0,0,0,0,9,0,8,3,2,246
2008-07-18,04:55,0,0,0,0,0,0,13,0,9,4,1,3,256
2008-07-18,05:00,1,0,0,0,0,14,0,12,3,1,1,2,266
2008-07-18,05:05,0,0,0,0,17,0,15,3,0,1,1,6,270
2008-07-18,05:10,0,0,0,18,0,18,3,0,0,1,3,4,270
2008-07-18,05:15,0,0,17,0,20,3,0,0,0,3,5,0,281
2008-07-18,05:20,0,12,0,23,2,0,0,0,0,6,0,3,275
2008-07-18,05:25,5,0,20,1,0,0,0,0,7,0,5,9,260
2008-07-18,05:30,0,14,1,0,0,0,0,9,0,6,4,9,245
2008-07-18,05:35,7,1,0,0,0,0,11,0,9,4,3,10,250
2008-07-18,05:40,1,0,0,0,0,14,0,11,0,3,10,0,254
2008-07-18,05:45,0,0,0,0,16,0,14,0,0,12,0,18,259
2008-07-18,05:50,0,0,0,17,0,17,0,0,12,0,12,6,327
2008-07-18,05:55,0,0,15,0,20,0,0,14,0,8,3,6,422
2008-07-18,06:00,0,11,0,20,0,0,17,0,2,2,5,0,536
2008-07-18,06:05,5,0,19,0,0,18,0,3,0,3,0,25,571
2008-07-18,06:10,0,14,0,0,20,0,2,0,3,0,21,14,532
2008-07-18,06:15,6,0,0,19,0,2,0,2,0,21,12,5,425
2008-07-18,06:20,0,0,17,0,2,0,2,0,18,10,3,0,304
2008-07-18,06:25,0,12,0,2,0,2,0,15,7,4,0,4,220
2008-07-18,06:30,7,0,1,0,2,0,15,8,4,0,4,17,162
2008-07-18,06:35,0,0,0,1,0,13,6,5,0,3,16,4,159
2008-07-18,06:40,1,0,1,0,9,5,6,0,3,17,2,14,150
2008-07-18,06:45,0,0,0,9,5,8,0,2,15,2,8,0,174
2008-07-18,06:50,1,0,6,3,8,0,2,13,0,8,0,0,184
2008-07-18,06:55,0,5,3,10,0,2,12,0,4,0,0,9,199
2008-07-18,07:00,4,2,8,0,2,10,0,4,0,0,6,4,206
2008-07-18,07:05,2,6,0,1,8,0,4,0,0,7,5,9,215
2008-07-18,07:10,3,0,1,7,0,3,0,0,7,6,10,3,221
2008-07-18,07:15,0,0,6,0,2,0,0,9,8,10,1,14,218
2008-07-18,07:20,1,4,0,2,0,0,11,9,9,1,13,3,221
2008-07-18,07:25,3,0,2,0,0,14,11,8,0,12,1,0,220
2008-07-18,07:30,0,1,0,0,15,15,8,0,13,1,0,8,213
2008-07-18,07:35,1,0,0,17,16,6,0,11,0,0,5,3,200
2008-07-18,07:40,0,0,15,17,6,0,10,0,0,7,1,6,194
2008-07-18,07:45,0,11,16,4,0,8,0,0,7,1,3,4,184
2008-07-18,07:50,5,11,4,0,7,0,0,8,0,3,3,5,182
2008-07-18,07:55,5,2,0,7,0,0,11,0,0,2,6,8,174
2008-07-18,08:00,2,0,4,0,0,13,0,0,0,7,11,15,148
2008-07-18,08:05,0,3,0,0,15,0,0,0,9,12,7,0,150
2008-07-18,08:10,3,0,0,16,0,0,0,11,15,5,0,3,145
2008-07-18,08:15,0,0,15,0,0,0,14,18,0,0,2,4,136
2008-07-18,08:20,0,11,0,0,0,18,21,0,0,1,4,0,132
2008-07-18,08:25,4,0,0,0,19,27,0,0,0,3,0,0,133
2008-07-18,08:30,0,0,0,21,28,0,0,0,3,0,0,11,109
2008-07-18,08:35,0,0,19,29,0,0,0,2,0,0,9,2,98
2008-07-18,08:40,0,14,27,0,0,0,2,0,0,7,1,3,95
2008-07-18,08:45,6,20,0,0,0,2,0,0,8,1,1,9,83
2008-07-18,08:50,9,0,0,0,2,0,0,9,0,1,7,2,84
2008-07-18,08:55,0,0,0,1,0,0,11,0,0,4,1,0,81
2008-07-18,09:00,0,0,1,0,0,14,0,0,3,1,0,3,80
2008-07-18,09:05,0,0,0,0,16,0,0,3,0,0,1,3,85
2008-07-18,09:10,1,0,0,17,0,0,2,0,0,1,4,2,81
2008-07-18,09:15,0,0,15,0,0,2,0,0,0,5,1,3,80
2008-07-18,09:20,0,11,0,0,1,0,0,0,7,1,1,0,88
2008-07-18,09:25,5,0,0,2,0,0,0,10,0,1,0,0,92
2008-07-18,09:30,0,0,1,0,0,0,11,0,0,0,0,3,92
2008-07-18,09:35,0,0,0,0,0,14,0,0,0,0,2,0,103
2008-07-18,09:40,1,0,0,0,16,0,0,0,0,3,0,0,109
2008-07-18,09:45,0,0,0,17,0,0,0,0,2,0,0,9,114
2008-07-18,09:50,0,0,16,0,0,0,0,3,0,0,5,7,122
2008-07-18,09:55,0,11,0,0,0,0,4,0,0,6,5,0,147
2008-07-18,10:00,5,0,0,0,0,5,0,0,4,5,0,3,166
2008-07-18,10:05,0,0,0,0,5,0,0,3,2,0,3,2,177
2008-07-18,10:10,0,0,0,6,0,0,3,3,0,3,0,3,194
2008-07-18,10:15,0,0,5,0,0,2,2,0,3,1,4,0,205
2008-07-18,10:20,0,3,0,0,2,2,0,3,0,6,0,0,217
2008-07-18,10:25,2,0,0,2,2,0,2,0,8,0,0,7,219
2008-07-18,10:30,0,0,1,2,0,2,0,10,0,0,8,4,219
2008-07-18,10:35,0,1,1,0,2,0,13,0,0,8,1,2,223
2008-07-18,10:40,1,0,0,1,0,15,0,0,10,2,2,2,224
2008-07-18,10:45,1,0,2,0,18,0,0,11,0,3,1,8,220
2008-07-18,10:50,0,0,0,19,0,0,13,0,5,1,4,4,219
2008-07-18,10:55,1,0,17,0,0,15,0,6,0,4,2,7,225
2008-07-18,11:00,0,13,0,0,17,0,7,0,0,2,5,4,229
2008-07-18,11:05,5,0,0,18,0,9,0,0,0,6,2,4,233
2008-07-18,11:10,0,0,16,0,10,0,0,0,3,2,2,1,241
2008-07-18,11:15,0,12,0,10,0,0,0,3,0,2,1,17,233
2008-07-18,11:20,5,0,10,0,0,0,3,0,0,2,16,15,230
2008-07-18,11:25,0,7,0,0,0,3,0,0,2,16,11,4,236
2008-07-18,11:30,3,0,0,0,2,0,0,3,15,11,4,18,214
2008-07-18,11:35,0,0,0,1,0,0,4,17,8,7,16,9,203
2008-07-18,11:40,0,0,1,0,0,4,17,7,8,20,10,24,169
2008-07-18,11:45,0,1,0,0,5,20,6,12,17,9,20,0,163
2008-07-18,11:50,1,0,0,6,20,5,14,19,9,21,0,9,143
2008-07-18,11:55,0,0,5,21,5,17,17,8,17,0,7,3,129
2008-07-18,12:00,0,3,18,3,21,19,8,15,0,8,1,10,111
2008-07-18,12:05,2,13,3,20,18,6,13,0,8,1,4,0,107
2008-07-18,12:10,7,2,20,18,5,12,0,11,0,4,0,7,93
2008-07-18,12:15,2,15,16,4,10,0,14,0,0,0,7,6,91
2008-07-18,12:20,5,12,4,7,0,17,0,0,0,8,5,8,79
2008-07-18,12:25,6,2,7,0,19,0,0,0,9,6,7,7,69
2008-07-18,12:30,2,4,0,21,0,0,0,11,6,9,5,9,67
2008-07-18,12:35,4,0,19,0,0,0,14,9,10,4,7,0,70
2008-07-18,12:40,0,13,0,0,0,18,11,12,2,9,0,3,77
2008-07-18,12:45,6,0,0,0,19,14,14,3,10,0,1,2,79
2008-07-18,12:50,0,0,0,21,15,15,2,10,0,1,1,2,87
2008-07-18,12:55,0,0,19,16,19,2,14,0,0,1,2,0,93
2008-07-18,13:00,0,14,15,18,2,15,0,0,0,3,0,2,96
2008-07-18,13:05,6,11,17,2,18,0,0,0,5,0,1,0,102
2008-07-18,13:10,5,13,1,17,0,0,0,6,0,1,0,0,105
2008-07-18,13:15,5,0,16,0,0,0,7,0,0,0,0,9,91
2008-07-18,13:20,1,11,0,0,0,9,0,0,0,0,9,0,94
2008-07-18,13:25,6,0,0,0,10,0,0,0,0,7,0,2,89
2008-07-18,13:30,0,0,0,10,0,0,0,0,7,0,1,0,86
2008-07-18,13:35,0,0,10,0,0,0,0,6,0,1,0,3,72
2008-07-18,13:40,0,7,0,0,0,0,5,0,0,0,1,3,67
2008-07-18,13:45,3,0,0,0,0,5,0,0,0,1,1,3,56
2008-07-18,13:50,0,0,0,0,4,0,0,0,0,1,1,2,48
2008-07-18,13:55,0,0,0,2,0,0,0,0,0,1,1,0,45
2008-07-18,14:00,0,0,2,0,0,0,0,0,0,1,0,5,36
2008-07-18,14:05,0,2,0,0,0,0,0,0,0,0,5,7,28
2008-07-18,14:10,2,0,0,0,0,0,0,0,0,6,4,0,27
2008-07-18,14:15,0,0,0,0,0,0,0,0,7,6,0,6,27
2008-07-18,14:20,0,0,0,0,0,0,0,10,5,0,4,3,29
2008-07-18,14:25,0,0,0,0,0,0,11,7,0,4,5,0,31
2008-07-18,14:30,0,0,0,0,0,14,8,0,3,6,0,3,33
2008-07-18,14:35,0,0,0,0,16,10,0,3,9,0,5,0,44
2008-07-18,14:40,0,0,0,17,11,0,2,11,0,5,0,1,48
2008-07-18,14:45,0,0,16,12,0,2,14,0,8,0,1,0,58
2008-07-18,14:50,0,11,11,0,2,17,0,10,0,2,0,3,70
2008-07-18,14:55,5,9,0,1,20,0,13,0,2,0,2,0,94
2008-07-18,15:00,3,0,2,20,0,16,0,3,0,1,0,0,110
2008-07-18,15:05,0,0,19,0,18,0,4,0,0,0,0,0,151
2008-07-18,15:10,1,14,0,18,0,5,0,0,0,0,0,0,199
2008-07-18,15:15,6,0,18,0,5,0,0,0,0,0,0,0,269
2008-07-18,15:20,0,13,0,6,0,0,0,0,0,0,0,0,348
2008-07-18,15:25,5,0,5,0,0,0,0,0,0,0,0,0,392
2008-07-18,15:30,0,3,0,0,0,0,0,0,0,0,0,6,380
2008-07-18,15:35,2,0,0,0,0,0,0,0,0,0,4,5,334
2008-07-18,15:40,0,0,0,0,0,0,0,0,0,7,7,3,270
2008-07-18,15:45,0,0,0,0,0,0,0,0,7,8,2,6,237
2008-07-18,15:50,0,0,0,0,0,0,0,10,8,3,6,5,216
2008-07-18,15:55,0,0,0,0,0,0,12,10,3,6,4,6,217
2008-07-18,16:00,0,0,0,0,0,14,11,4,5,3,5,8,221
2008-07-18,16:05,0,0,0,0,17,13,4,4,3,6,5,0,233
2008-07-18,16:10,0,0,0,17,14,6,4,2,7,4,0,2,243
2008-07-18,16:15,0,0,16,14,6,3,2,9,4,0,1,8,246
2008-07-18,16:20,0,12,13,6,3,2,11,4,0,1,4,2,263
2008-07-18,16:25,5,9,7,2,2,13,6,0,0,4,1,2,269
2008-07-18,16:30,5,4,2,1,15,7,0,0,0,1,1,4,276
2008-07-18,16:35,2,1,1,16,8,0,0,0,0,1,3,4,276
2008-07-18,16:40,1,0,15,9,0,0,0,0,0,5,4,5,271
2008-07-18,16:45,1,11,8,0,0,0,0,0,4,4,3,4,275
2008-07-18,16:50,4,6,0,0,0,0,0,6,3,2,2,4,267
2008-07-18,16:55,2,0,0,0,0,0,7,2,0,3,2,2,270
2008-07-18,17:00,0,0,0,0,0,9,3,0,0,2,1,7,260
2008-07-18,17:05,0,0,0,0,10,2,0,0,0,1,3,4,252
2008-07-18,17:10,0,0,0,11,1,0,0,0,0,3,2,7,252
2008-07-18,17:15,0,0,10,2,0,0,0,0,0,2,3,7,256
2008-07-18,17:20,0,7,1,0,0,0,0,0,0,2,3,9,251
2008-07-18,17:25,3,0,0,0,0,0,0,0,0,3,8,5,258
2008-07-18,17:30,1,0,0,0,0,0,0,0,0,8,4,12,249
2008-07-18,17:35,0,0,0,0,0,0,0,0,8,6,14,2,253
2008-07-18,17:40,0,0,0,0,0,0,0,10,7,18,1,7,243
2008-07-18,17:45,0,0,0,0,0,0,13,9,21,1,4,5,236
2008-07-18,17:50,0,0,0,0,0,16,11,28,0,3,3,3,233
2008-07-18,17:55,0,0,0,0,19,13,35,0,0,1,1,4,223
2008-07-18,18:00,0,0,0,19,15,43,0,0,0,1,4,9,204
2008-07-18,18:05,0,0,18,17,48,0,0,0,0,3,7,5,190
2008-07-18,18:10,0,13,15,52,0,0,0,0,3,7,2,7,176
2008-07-18,18:15,5,10,48,0,0,0,0,2,5,2,3,3,162
2008-07-18,18:20,5,34,0,0,0,0,2,4,0,3,1,5,146
2008-07-18,18:25,15,0,0,0,0,2,4,0,0,1,3,4,131
2008-07-18,18:30,0,0,0,0,2,3,0,0,0,2,2,4,119
2008-07-18,18:35,0,0,0,1,3,0,0,0,0,2,5,10,94
2008-07-18,18:40,0,0,1,2,0,0,0,0,0,6,7,1,82
2008-07-18,18:45,0,0,2,0,0,0,0,0,9,6,1,7,68
2008-07-18,18:50,1,1,0,0,0,0,0,12,4,0,3,4,61
2008-07-18,18:55,1,0,0,0,0,0,14,3,0,2,2,0,60
2008-07-18,19:00,0,0,0,0,0,18,2,0,0,1,0,6,62
2008-07-18,19:05,0,0,0,0,21,3,0,0,1,0,3,5,60
2008-07-18,19:10,0,0,0,22,2,0,0,0,0,3,8,0,66
2008-07-18,19:15,0,0,19,1,0,0,0,0,0,9,0,2,74
2008-07-18,19:20,0,15,1,0,0,0,0,0,13,0,1,0,83
2008-07-18,19:25,6,1,0,0,0,0,0,18,0,1,0,2,89
2008-07-18,19:30,1,0,0,0,0,0,23,0,0,0,1,0,101
2008-07-18,19:35,0,0,0,0,0,27,0,0,0,1,0,2,108
2008-07-18,19:40,0,0,0,0,30,0,0,0,0,0,0,0,112
2008-07-18,19:45,0,0,0,34,0,0,0,0,0,1,0,0,123
2008-07-18,19:50,0,0,30,0,0,0,0,0,0,0,0,0,121
2008-07-18,19:55,0,22,0,0,0,0,0,0,0,0,0,2,116
2008-07-18,20:00,9,0,0,0,0,0,0,0,0,0,1,2,109
2008-07-18,20:05,0,0,0,0,0,0,0,0,0,1,1,3,96
2008-07-18,20:10,0,0,0,0,0,0,0,0,0,1,4,0,87
2008-07-18,20:15,0,0,0,0,0,0,0,0,0,5,0,5,69
2008-07-18,20:20,0,0,0,0,0,0,0,0,6,0,2,0,57
2008-07-18,20:25,0,0,0,0,0,0,0,9,0,2,0,10,36
2008-07-18,20:30,0,0,0,0,0,0,11,0,0,0,4,0,30
2008-07-18,20:35,0,0,0,0,0,14,0,0,0,4,0,3,23
2008-07-18,20:40,0,0,0,0,15,0,0,0,0,0,1,0,20
2008-07-18,20:45,0,0,0,16,0,0,0,0,0,1,0,4,10
2008-07-18,20:50,0,0,15,0,0,0,0,0,0,0,2,0,8
2008-07-18,20:55,0,11,0,0,0,0,0,0,0,2,0,0,8
2008-07-18,21:00,5,0,0,0,0,0,0,0,0,0,0,0,6
2008-07-18,21:05,0,0,0,0,0,0,0,0,0,0,0,0,5
2008-07-18,21:10,0,0,0,0,0,0,0,0,0,0,0,2,2
2008-07-18,21:15,0,0,0,0,0,0,0,0,0,0,1,3,0
2008-07-18,21:20,0,0,0,0,0,0,0,0,0,1,4,0,2
2008-07-18,21:25,0,0,0,0,0,0,0,0,0,6,0,0,4
2008-07-18,21:30,0,0,0,0,0,0,0,0,7,0,0,0,4
2008-07-18,21:35,0,0,0,0,0,0,0,10,0,0,0,0,6
2008-07-18,21:40,0,0,0,0,0,0,12,0,0,0,0,0,8
2008-07-18,21:45,0,0,0,0,0,15,0,0,0,0,0,0,9
2008-07-18,21:50,0,0,0,0,17,0,0,0,0,0,0,0,12
2008-07-18,21:55,0,0,0,18,0,0,0,0,0,0,0,0,13
2008-07-18,22:00,0,0,17,0,0,0,0,0,0,0,0,0,15
2008-07-18,22:05,0,12,0,0,0,0,0,0,0,0,0,0,17
2008-07-18,22:10,5,0,0,0,0,0,0,0,0,0,0,0,17
2008-07-18,22:15,0,0,0,0,0,0,0,0,0,0,0,0,16
2008-07-18,22:20,0,0,0,0,0,0,0,0,0,0,0,0,15
2008-07-18,22:25,0,0,0,0,0,0,0,0,0,0,0,0,16
2008-07-18,22:30,0,0,0,0,0,0,0,0,0,0,0,0,14
2008-07-18,22:35,0,0,0,0,0,0,0,0,0,0,0,0,13
2008-07-18,22:40,0,0,0,0,0,0,0,0,0,0,0,0,12
2008-07-18,22:45,0,0,0,0,0,0,0,0,0,0,0,3,10
2008-07-18,22:50,0,0,0,0,0,0,0,0,0,0,2,0,12
2008-07-18,22:55,0,0,0,0,0,0,0,0,0,1,0,0,17
2008-07-18,23:00,0,0,0,0,0,0,0,0,0,0,0,0,19
2008-07-18,23:05,0,0,0,0,0,0,0,0,0,0,0,0,23
2008-07-18,23:10,0,0,0,0,0,0,0,0,0,0,0,0,24
2008-07-18,23:15,0,0,0,0,0,0,0,0,0,0,0,0,28
2008-07-18,23:20,0,0,0,0,0,0,0,0,0,0,0,0,27
2008-07-18,23:25,0,0,0,0,0,0,0,0,0,0,0,0,28
2008-07-18,23:30,0,0,0,0,0,0,0,0,0,0,0,0,26
2008-07-18,23:35,0,0,0,0,0,0,0,0,0,0,0,0,25
2008-07-18,23:40,0,0,0,0,0,0,0,0,0,0,0,0,22
2008-07-18,23:45,0,0,0,0,0,0,0,0,0,0,0,0,19
2008-07-18,23:50,0,0,0,0,0,0,0,0,0,0,0,4,12
2008-07-18,23:55,0,0,0,0,0,0,0,0,0,0,2,0,12
2008-07-19,00:00,0,0,0,0,0,0,0,0,0,1,0,0,9
2008-07-19,00:05,0,0,0,0,0,0,0,0,0,0,0,0,8
2008-07-19,00:10,0,0,0,0,0,0,0,0,0,0,0,0,6
2008-07-19,00:15,0,0,0,0,0,0,0,0,0,0,0,0,4
2008-07-19,00:20,0,0,0,0,0,0,0,0,0,0,0,2,2
2008-07-19,00:25,0,0,0,0,0,0,0,0,0,0,1,0,2
2008-07-19,00:30,0,0,0,0,0,0,0,0,0,1,0,0,3
2008-07-19,00:35,0,0,0,0,0,0,0,0,0,0,0,0,4
2008-07-19,00:40,0,0,0,0,0,0,0,0,0,0,0,0,5
2008-07-19,00:45,0,0,0,0,0,0,0,0,0,0,0,0,7
2008-07-19,00:50,0,0,0,0,0,0,0,0,0,0,0,0,10
2008-07-19,00:55,0,0,0,0,0,0,0,0,0,0,0,0,11
2008-07-19,01:00,0,0,0,0,0,0,0,0,0,0,0,0,13
2008-07-19,01:05,0,0,0,0,0,0,0,0,0,0,0,0,19
2008-07-19,01:10,0,0,0,0,0,0,0,0,0,0,0,0,20
2008-07-19,01:15,0,0,0,0,0,0,0,0,0,0,0,0,24
2008-07-19,01:20,0,0,0,0,0,0,0,0,0,0,0,0,25
2008-07-19,01:25,0,0,0,0,0,0,0,0,0,0,0,0,30
2008-07-19,01:30,0,0,0,0,0,0,0,0,0,0,0,0,31
2008-07-19,01:35,0,0,0,0,0,0,0,0,0,0,0,0,40
2008-07-19,01:40,0,0,0,0,0,0,0,0,0,0,0,0,43
2008-07-19,01:45,0,0,0,0,0,0,0,0,0,0,0,2,45
2008-07-19,01:50,0,0,0,0,0,0,0,0,0,0,1,0,55
2008-07-19,01:55,0,0,0,0,0,0,0,0,0,1,0,0,63
2008-07-19,02:00,0,0,0,0,0,0,0,0,0,0,0,0,69
2008-07-19,02:05,0,0,0,0,0,0,0,0,0,0,0,0,77
2008-07-19,02:10,0,0,0,0,0,0,0,0,0,0,0,2,83
2008-07-19,02:15,0,0,0,0,0,0,0,0,0,0,0,0,99
2008-07-19,02:20,0,0,0,0,0,0,0,0,0,1,0,0,105
2008-07-19,02:25,0,0,0,0,0,0,0,0,0,0,0,0,115
2008-07-19,02:30,0,0,0,0,0,0,0,0,0,0,0,4,119
2008-07-19,02:35,0,0,0,0,0,0,0,0,0,0,2,0,139
2008-07-19,02:40,0,0,0,0,0,0,0,0,0,2,0,0,146
2008-07-19,02:45,0,0,0,0,0,0,0,0,0,0,0,0,159
2008-07-19,02:50,0,0,0,0,0,0,0,0,0,0,0,2,166
2008-07-19,02:55,0,0,0,0,0,0,0,0,0,0,1,7,171
2008-07-19,03:00,0,0,0,0,0,0,0,0,0,1,6,11,185
2008-07-19,03:05,0,0,0,0,0,0,0,0,0,5,8,0,192
2008-07-19,03:10,0,0,0,0,0,0,0,0,4,11,0,0,195
2008-07-19,03:15,0,0,0,0,0,0,0,4,13,0,0,4,207
2008-07-19,03:20,0,0,0,0,0,0,4,15,0,0,2,0,210
2008-07-19,03:25,0,0,0,0,0,3,21,0,0,2,0,3,207
2008-07-19,03:30,0,0,0,0,2,24,0,0,0,0,1,2,216
2008-07-19,03:35,0,0,0,2,29,0,0,0,0,1,3,20,190
2008-07-19,03:40,0,0,2,30,0,0,0,0,0,4,20,10,182
2008-07-19,03:45,0,1,28,0,0,0,0,0,4,21,5,1,193
2008-07-19,03:50,1,20,0,0,0,0,0,7,23,5,1,2,195
2008-07-19,03:55,8,0,0,0,0,0,8,26,0,1,3,3,195
2008-07-19,04:00,0,0,0,0,0,9,30,0,0,4,1,7,195
2008-07-19,04:05,0,0,0,0,11,35,0,0,5,1,3,3,198
2008-07-19,04:10,0,0,0,12,36,0,0,6,0,3,2,3,204
2008-07-19,04:15,0,0,11,37,0,0,8,0,0,1,1,3,209
2008-07-19,04:20,0,8,35,0,0,10,0,0,0,1,2,0,226
2008-07-19,04:25,3,24,0,0,11,0,0,0,0,2,0,7,232
2008-07-19,04:30,12,0,0,12,0,0,0,0,0,0,3,9,236
2008-07-19,04:35,0,0,11,0,0,0,0,0,0,3,8,0,254
2008-07-19,04:40,0,8,0,0,0,0,0,0,0,10,0,7,258
2008-07-19,04:45,3,0,0,0,0,0,0,0,9,0,8,3,266
2008-07-19,04:50,0,0,0,0,0,0,0,12,0,11,4,7,274
2008-07-19,04:55,0,0,0,0,0,0,14,0,9,4,2,1,279
2008-07-19,05:00,0,0,0,0,0,15,0,12,3,3,1,0,299
2008-07-19,05:05,0,0,0,0,18,0,16,4,0,1,0,9,292
2008-07-19,05:10,0,0,0,17,0,19,3,0,0,0,8,7,290
2008-07-19,05:15,0,0,17,0,21,2,0,0,0,9,4,5,297
2008-07-19,05:20,0,11,0,23,2,0,0,0,9,3,2,3,301
2008-07-19,05:25,6,0,21,2,0,0,0,11,0,2,4,5,291
2008-07-19,05:30,0,15,1,0,0,0,14,0,0,5,2,2,293
2008-07-19,05:35,7,1,0,0,0,17,0,0,7,3,1,6,284
2008-07-19,05:40,1,0,0,0,20,0,0,8,0,1,4,4,276
2008-07-19,05:45,0,0,0,20,0,0,12,0,0,2,2,8,269
2008-07-19,05:50,0,0,19,0,0,13,0,0,0,1,5,8,268
2008-07-19,05:55,0,14,0,0,16,0,0,0,1,3,3,5,266
2008-07-19,06:00,6,0,0,16,0,0,0,0,0,3,5,6,269
2008-07-19,06:05,0,0,15,0,0,0,0,0,0,3,2,3,267
2008-07-19,06:10,0,11,0,0,0,0,0,0,3,2,2,4,270
2008-07-19,06:15,5,0,0,0,0,0,0,2,0,2,3,4,286
2008-07-19,06:20,0,0,0,0,0,0,2,0,0,2,2,5,298
2008-07-19,06:25,0,0,0,0,0,1,0,0,0,1,3,9,338
2008-07-19,06:30,0,0,0,0,2,0,0,0,1,2,8,3,422
2008-07-19,06:35,0,0,0,1,0,0,0,0,0,6,1,5,553
2008-07-19,06:40,0,0,1,0,0,0,0,0,3,1,2,0,688
2008-07-19,06:45,0,1,0,0,0,0,0,4,0,2,0,9,784
2008-07-19,06:50,0,0,0,0,0,0,3,0,0,0,3,0,775
2008-07-19,06:55,0,0,0,0,0,2,0,0,0,3,0,17,666
2008-07-19,07:00,0,0,0,0,2,0,0,0,0,0,13,15,551
2008-07-19,07:05,0,0,0,2,0,0,0,0,0,14,14,7,471
2008-07-19,07:10,0,0,1,0,0,0,0,0,13,15,4,4,412
2008-07-19,07:15,0,1,0,0,0,0,0,15,15,2,2,10,336
2008-07-19,07:20,1,0,0,0,0,0,19,17,0,2,8,3,270
2008-07-19,07:25,0,0,0,0,0,20,19,0,0,6,1,7,245
2008-07-19,07:30,0,0,0,0,25,20,0,0,3,1,3,12,230
2008-07-19,07:35,0,0,0,24,21,0,0,3,0,2,13,5,258
2008-07-19,07:40,0,0,23,20,0,0,3,0,0,14,2,0,322
2008-07-19,07:45,0,16,19,0,0,2,0,0,18,2,0,0,405
2008-07-19,07:50,8,13,0,0,2,0,0,17,0,0,0,9,487
2008-07-19,07:55,7,0,0,2,0,0,21,0,0,0,8,2,538
2008-07-19,08:00,0,0,1,0,0,22,0,0,0,9,2,3,503
2008-07-19,08:05,0,1,0,0,24,0,0,0,8,4,2,7,410
2008-07-19,08:10,1,0,0,24,0,0,0,12,5,1,4,7,304
2008-07-19,08:15,0,0,21,0,0,0,14,7,0,3,3,0,233
2008-07-19,08:20,0,15,0,0,0,17,8,0,0,2,0,0,206
2008-07-19,08:25,8,0,0,0,20,10,0,0,1,0,0,7,195
2008-07-19,08:30,0,0,0,21,12,0,0,0,0,0,3,8,185
2008-07-19,08:35,0,0,19,12,0,0,0,0,0,1,4,0,188
2008-07-19,08:40,0,14,11,0,0,0,0,0,1,2,0,8,185
2008-07-19,08:45,6,9,0,0,0,0,0,0,1,0,4,2,192
2008-07-19,08:50,3,0,0,0,0,0,0,0,0,3,3,5,198
2008-07-19,08:55,0,0,0,0,0,0,0,0,0,2,1,0,202
2008-07-19,09:00,0,0,0,0,0,0,0,0,3,2,0,8,200
2008-07-19,09:05,0,0,0,0,0,0,0,2,0,0,5,2,211
2008-07-19,09:10,0,0,0,0,0,0,2,0,0,2,1,0,222
2008-07-19,09:15,0,0,0,0,0,2,0,0,1,1,0,10,224
2008-07-19,09:20,0,0,0,0,2,0,0,0,0,0,6,2,228
2008-07-19,09:25,0,0,0,1,0,0,0,0,0,7,1,3,228
2008-07-19,09:30,0,0,1,0,0,0,0,0,4,1,1,8,230
2008-07-19,09:35,0,0,0,0,0,0,0,5,0,1,6,0,236
2008-07-19,09:40,1,0,0,0,0,0,3,0,0,5,0,6,231
2008-07-19,09:45,0,0,0,0,0,3,0,0,5,0,1,0,236
2008-07-19,09:50,0,0,0,0,3,0,0,5,0,3,0,15,232
2008-07-19,09:55,0,0,0,2,0,0,5,0,0,0,9,0,239
2008-07-19,10:00,0,0,2,0,0,6,0,0,0,8,0,3,247
2008-07-19,10:05,0,1,0,0,7,0,0,0,5,0,1,9,245
2008-07-19,10:10,1,0,0,6,0,0,0,6,0,1,7,6,246
2008-07-19,10:15,0,0,5,0,0,0,8,0,0,6,6,2,251
2008-07-19,10:20,0,4,0,0,0,10,0,0,5,6,1,0,251
2008-07-19,10:25,2,0,0,0,11,0,0,6,7,1,0,17,238
2008-07-19,10:30,0,0,0,11,0,0,7,8,0,0,13,0,241
2008-07-19,10:35,0,0,11,0,0,9,12,0,0,11,0,8,234
2008-07-19,10:40,0,8,0,0,11,13,0,0,9,0,5,5,238
2008-07-19,10:45,3,0,0,11,16,0,0,7,0,4,3,2,243
2008-07-19,10:50,0,0,10,16,0,0,7,0,0,2,1,1,242
2008-07-19,10:55,0,8,15,0,0,6,0,0,0,1,1,11,245
2008-07-19,11:00,3,11,0,0,5,0,0,0,0,1,7,7,239
2008-07-19,11:05,5,0,0,4,0,0,0,0,0,7,4,5,248
2008-07-19,11:10,0,0,3,0,0,0,0,0,3,5,3,0,257
2008-07-19,11:15,0,2,0,0,0,0,0,3,2,3,0,19,250
2008-07-19,11:20,2,0,0,0,0,0,3,3,0,0,21,16,239
2008-07-19,11:25,0,0,0,0,0,2,2,0,0,23,11,2,246
2008-07-19,11:30,0,0,0,0,2,1,0,0,24,12,6,28,213
2008-07-19,11:35,0,0,0,2,2,0,0,28,8,8,25,0,220
2008-07-19,11:40,0,0,1,1,0,0,30,7,10,24,0,15,200
2008-07-19,11:45,0,1,1,0,0,35,7,12,21,0,12,0,199
2008-07-19,11:50,1,0,0,0,37,6,16,19,0,11,0,8,189
2008-07-19,11:55,1,0,0,38,4,20,16,0,8,0,2,0,188
2008-07-19,12:00,0,0,34,4,24,15,0,8,0,3,0,19,161
2008-07-19,12:05,0,24,3,24,11,0,6,0,0,0,16,3,156
2008-07-19,12:10,12,2,22,10,0,6,0,0,0,15,1,6,142
2008-07-19,12:15,2,16,8,0,4,0,0,0,14,1,5,3,142
2008-07-19,12:20,6,5,0,4,0,0,0,14,0,5,2,8,127
2008-07-19,12:25,5,0,3,0,0,0,16,0,3,1,6,0,127
2008-07-19,12:30,0,2,0,0,0,16,0,2,0,7,0,7,115
2008-07-19,12:35,2,0,0,0,15,0,3,0,7,0,6,0,120
2008-07-19,12:40,0,0,0,17,0,2,0,10,0,7,0,8,114
2008-07-19,12:45,0,0,14,0,1,0,11,0,7,0,3,3,146
2008-07-19,12:50,0,11,0,2,0,14,0,9,0,3,1,0,198
2008-07-19,12:55,5,0,1,0,16,0,12,0,0,1,0,2,247
2008-07-19,13:00,0,0,0,17,0,14,0,0,0,0,0,5,278
2008-07-19,13:05,1,0,16,0,16,0,0,0,0,1,2,4,262
2008-07-19,13:10,0,11,0,16,0,0,0,0,0,2,3,3,203
2008-07-19,13:15,5,0,16,0,0,0,0,0,0,5,1,5,139
2008-07-19,13:20,0,11,0,0,0,0,0,0,4,1,5,2,102
2008-07-19,13:25,5,0,0,0,0,0,0,6,0,4,3,0,98
2008-07-19,13:30,0,0,0,0,0,0,8,0,4,2,0,3,100
2008-07-19,13:35,0,0,0,0,0,8,0,3,3,0,2,0,114
2008-07-19,13:40,0,0,0,0,11,0,2,2,0,3,0,8,124
2008-07-19,13:45,0,0,0,11,0,3,2,0,3,0,7,0,144
2008-07-19,13:50,0,0,10,0,2,2,0,2,0,9,0,0,160
2008-07-19,13:55,0,7,0,1,2,0,2,0,9,0,0,0,175
2008-07-19,14:00,3,0,1,1,0,2,0,11,0,0,0,3,183
2008-07-19,14:05,0,1,1,0,2,0,15,0,0,0,3,0,198
2008-07-19,14:10,1,0,0,1,0,17,0,0,0,6,0,0,215
2008-07-19,14:15,1,0,1,0,20,0,0,0,7,0,0,4,246
2008-07-19,14:20,0,0,0,21,0,0,0,10,0,0,2,3,298
2008-07-19,14:25,1,0,20,0,0,0,12,0,0,2,5,5,334
2008-07-19,14:30,0,14,0,0,0,14,0,0,0,6,3,7,365
2008-07-19,14:35,6,0,0,0,17,0,0,0,8,1,6,3,355
2008-07-19,14:40,0,0,0,17,0,0,0,10,1,8,1,5,299
2008-07-19,14:45,0,0,16,0,0,0,13,0,8,1,2,7,232
2008-07-19,14:50,0,12,0,0,0,16,0,11,0,1,6,5,197
2008-07-19,14:55,5,0,0,0,19,0,13,0,0,3,3,3,187
2008-07-19,15:00,0,0,0,19,0,17,0,0,4,2,1,9,190
2008-07-19,15:05,0,0,18,0,18,0,0,2,0,1,9,2,211
2008-07-19,15:10,0,13,0,20,0,0,2,0,0,8,1,0,224
2008-07-19,15:15,5,0,18,0,0,1,0,0,9,0,0,8,231
2008-07-19,15:20,0,14,0,0,2,0,0,7,0,0,3,0,248
2008-07-19,15:25,5,0,0,1,0,0,7,0,0,3,0,0,268
2008-07-19,15:30,0,0,1,0,0,6,0,0,0,0,0,10,266
2008-07-19,15:35,0,1,0,0,5,0,0,0,0,0,7,0,271
2008-07-19,15:40,0,0,0,4,0,0,0,0,0,8,0,8,279
2008-07-19,15:45,0,0,3,0,0,0,0,0,9,0,4,0,281
2008-07-19,15:50,0,2,0,0,0,0,0,13,0,3,0,0,289
2008-07-19,15:55,2,0,0,0,0,0,15,0,0,0,0,11,286
2008-07-19,16:00,0,0,0,0,0,19,0,0,0,0,10,8,279
2008-07-19,16:05,0,0,0,0,20,0,0,0,0,6,5,3,287
2008-07-19,16:10,0,0,0,23,0,0,0,0,5,3,2,1,285
2008-07-19,16:15,0,0,20,0,0,0,0,6,0,1,1,1,282
2008-07-19,16:20,0,16,0,0,0,0,8,0,0,1,1,0,288
2008-07-19,16:25,6,0,0,0,0,9,0,0,0,1,0,12,270
2008-07-19,16:30,0,0,0,0,11,0,0,0,0,0,6,4,262
2008-07-19,16:35,0,0,0,11,0,0,0,0,0,5,2,5,267
2008-07-19,16:40,0,0,10,0,0,0,0,0,1,2,2,9,274
2008-07-19,16:45,0,8,0,0,0,0,0,0,0,2,5,2,281
2008-07-19,16:50,3,0,0,0,0,0,0,0,0,3,2,17,268
2008-07-19,16:55,0,0,0,0,0,0,0,0,0,2,14,1,285
2008-07-19,17:00,0,0,0,0,0,0,0,0,0,12,1,7,295
2008-07-19,17:05,0,0,0,0,0,0,0,0,9,1,7,3,296
2008-07-19,17:10,0,0,0,0,0,0,0,8,0,7,1,3,311
2008-07-19,17:15,0,0,0,0,0,0,8,0,6,1,1,16,300
2008-07-19,17:20,0,0,0,0,0,6,0,5,0,2,12,9,299
2008-07-19,17:25,0,0,0,0,5,0,5,0,0,11,7,2,308
2008-07-19,17:30,0,0,0,4,0,4,0,0,9,7,1,14,295
2008-07-19,17:35,0,0,4,0,3,0,0,8,7,1,12,0,309
2008-07-19,17:40,0,2,0,3,0,0,8,8,0,17,0,10,296
2008-07-19,17:45,2,0,2,0,0,6,10,0,19,0,7,5,288
2008-07-19,17:50,0,2,0,0,5,13,0,25,0,5,3,9,285
2008-07-19,17:55,1,0,0,4,14,0,30,0,3,2,4,0,279
2008-07-19,18:00,0,0,4,15,0,37,0,3,0,4,0,8,274
2008-07-19,18:05,0,2,14,0,42,0,2,0,0,0,5,6,264
2008-07-19,18:10,2,11,0,45,0,2,0,0,0,6,3,15,237
2008-07-19,18:15,4,0,41,0,1,0,0,0,3,2,16,2,228
2008-07-19,18:20,0,30,0,2,0,0,0,5,1,15,1,4,215
2008-07-19,18:25,13,0,1,0,0,0,5,0,12,1,3,8,203
2008-07-19,18:30,0,0,0,0,0,7,0,12,0,2,4,10,192
2008-07-19,18:35,1,0,0,0,8,0,10,0,0,3,7,7,185
2008-07-19,18:40,0,0,0,8,0,8,0,0,0,9,3,2,182
2008-07-19,18:45,0,0,8,0,8,0,0,0,7,2,1,4,181
2008-07-19,18:50,0,6,0,6,0,0,0,9,0,1,2,2,177
2008-07-19,18:55,2,0,4,0,0,0,12,0,0,2,1,0,181
2008-07-19,19:00,0,4,0,0,0,15,0,0,0,1,0,10,161
2008-07-19,19:05,2,0,0,0,16,0,0,0,0,0,5,3,159
2008-07-19,19:10,0,0,0,17,0,0,0,0,0,4,4,8,143
2008-07-19,19:15,0,0,16,0,0,0,0,0,0,6,9,4,128
2008-07-19,19:20,0,12,0,0,0,0,0,0,8,9,2,2,119
2008-07-19,19:25,5,0,0,0,0,0,0,10,8,2,1,12,100
2008-07-19,19:30,0,0,0,0,0,0,13,8,0,1,5,2,96
2008-07-19,19:35,0,0,0,0,0,15,6,0,0,4,1,0,94
2008-07-19,19:40,0,0,0,0,17,6,0,0,0,1,0,5,83
2008-07-19,19:45,0,0,0,19,5,0,0,0,0,0,5,3,72
2008-07-19,19:50,0,0,17,4,0,0,0,0,0,6,2,0,63
2008-07-19,19:55,0,13,3,0,0,0,0,0,7,1,0,5,49
2008-07-19,20:00,5,2,0,0,0,0,0,10,0,0,3,0,39
2008-07-19,20:05,2,0,0,0,0,0,11,0,0,2,0,0,30
2008-07-19,20:10,0,0,0,0,0,14,0,0,0,0,0,4,18
2008-07-19,20:15,0,0,0,0,16,0,0,0,0,0,2,0,13
2008-07-19,20:20,0,0,0,17,0,0,0,0,0,2,0,6,7
2008-07-19,20:25,0,0,16,0,0,0,0,0,0,0,3,0,8
2008-07-19,20:30,0,11,0,0,0,0,0,0,0,3,0,0,10
2008-07-19,20:35,5,0,0,0,0,0,0,0,0,0,0,0,13
2008-07-19,20:40,0,0,0,0,0,0,0,0,0,0,0,0,17
2008-07-19,20:45,0,0,0,0,0,0,0,0,0,0,0,0,18
2008-07-19,20:50,0,0,0,0,0,0,0,0,0,0,0,0,23
2008-07-19,20:55,0,0,0,0,0,0,0,0,0,0,0,0,28
2008-07-19,21:00,0,0,0,0,0,0,0,0,0,0,0,0,29
2008-07-19,21:05,0,0,0,0,0,0,0,0,0,0,0,0,33
2008-07-19,21:10,0,0,0,0,0,0,0,0,0,0,0,3,35
2008-07-19,21:15,0,0,0,0,0,0,0,0,0,0,4,0,36
2008-07-19,21:20,0,0,0,0,0,0,0,0,0,5,0,0,40
2008-07-19,21:25,0,0,0,0,0,0,0,0,8,0,0,0,43
2008-07-19,21:30,0,0,0,0,0,0,0,9,0,0,0,3,45
2008-07-19,21:35,0,0,0,0,0,0,11,0,0,0,3,0,59
2008-07-19,21:40,0,0,0,0,0,15,0,0,0,6,0,2,83
2008-07-19,21:45,0,0,0,0,16,0,0,0,7,0,1,0,126
2008-07-19,21:50,0,0,0,17,0,0,0,10,0,1,1,12,157
2008-07-19,21:55,0,0,16,0,0,0,12,0,0,0,12,0,181
2008-07-19,22:00,0,11,0,0,0,14,0,0,0,12,0,0,165
2008-07-19,22:05,5,0,0,0,17,0,0,0,12,0,0,4,112
2008-07-19,22:10,0,0,0,17,0,0,0,11,0,0,2,0,60
2008-07-19,22:15,0,0,16,0,0,0,9,0,0,1,0,0,30
2008-07-19,22:20,0,12,0,0,0,8,0,0,0,0,0,0,20
2008-07-19,22:25,5,0,0,0,7,0,0,0,0,0,0,0,32
2008-07-19,22:30,0,0,0,5,0,0,0,0,0,0,0,0,60
2008-07-19,22:35,0,0,4,0,0,0,0,0,0,0,0,0,106
2008-07-19,22:40,0,4,0,0,0,0,0,0,0,0,0,0,155
2008-07-19,22:45,2,0,0,0,0,0,0,0,0,0,0,0,183
2008-07-19,22:50,0,0,0,0,0,0,0,0,0,0,0,0,173
2008-07-19,22:55,0,0,0,0,0,0,0,0,0,0,0,0,127
2008-07-19,23:00,0,0,0,0,0,0,0,0,0,0,0,0,79
2008-07-19,23:05,0,0,0,0,0,0,0,0,0,0,0,0,45
2008-07-19,23:10,0,0,0,0,0,0,0,0,0,0,0,0,30
2008-07-19,23:15,0,0,0,0,0,0,0,0,0,0,0,0,23
2008-07-19,23:20,0,0,0,0,0,0,0,0,0,0,0,0,25
2008-07-19,23:25,0,0,0,0,0,0,0,0,0,0,0,0,24
2008-07-19,23:30,0,0,0,0,0,0,0,0,0,0,0,0,26
2008-07-19,23:35,0,0,0,0,0,0,0,0,0,0,0,4,24
2008-07-19,23:40,0,0,0,0,0,0,0,0,0,0,2,0,30
2008-07-19,23:45,0,0,0,0,0,0,0,0,0,1,0,0,33
2008-07-19,23:50,0,0,0,0,0,0,0,0,0,0,0,0,37
2008-07-19,23:55,0,0,0,0,0,0,0,0,0,0,0,0,39
2008-07-20,00:00,0,0,0,0,0,0,0,0,0,0,0,0,40
2008-07-20,00:05,0,0,0,0,0,0,0,0,0,0,0,0,41
2008-07-20,00:10,0,0,0,0,0,0,0,0,0,0,0,0,40
2008-07-20,00:15,0,0,0,0,0,0,0,0,0,0,0,0,40
2008-07-20,00:20,0,0,0,0,0,0,0,0,0,0,0,0,34
2008-07-20,00:25,0,0,0,0,0,0,0,0,0,0,0,4,30
2008-07-20,00:30,0,0,0,0,0,0,0,0,0,0,3,0,28
2008-07-20,00:35,0,0,0,0,0,0,0,0,0,1,0,0,26
2008-07-20,00:40,0,0,0,0,0,0,0,0,0,0,0,0,24
2008-07-20,00:45,0,0,0,0,0,0,0,0,0,0,0,2,22
2008-07-20,00:50,0,0,0,0,0,0,0,0,0,0,1,0,23
2008-07-20,00:55,0,0,0,0,0,0,0,0,0,1,0,2,19
2008-07-20,01:00,0,0,0,0,0,0,0,0,0,0,1,0,20
2008-07-20,01:05,0,0,0,0,0,0,0,0,0,1,0,0,25
2008-07-20,01:10,0,0,0,0,0,0,0,0,0,0,0,0,23
2008-07-20,01:15,0,0,0,0,0,0,0,0,0,0,0,0,26
2008-07-20,01:20,0,0,0,0,0,0,0,0,0,0,0,0,28
2008-07-20,01:25,0,0,0,0,0,0,0,0,0,0,0,0,31
2008-07-20,01:30,0,0,0,0,0,0,0,0,0,0,0,3,29
2008-07-20,01:35,0,0,0,0,0,0,0,0,0,0,1,0,37
2008-07-20,01:40,0,0,0,0,0,0,0,0,0,1,0,0,41
2008-07-20,01:45,0,0,0,0,0,0,0,0,0,0,0,0,45
2008-07-20,01:50,0,0,0,0,0,0,0,0,0,0,0,0,52
2008-07-20,01:55,0,0,0,0,0,0,0,0,0,0,0,0,61
2008-07-20,02:00,0,0,0,0,0,0,0,0,0,0,0,11,54
2008-07-20,02:05,0,0,0,0,0,0,0,0,0,0,11,0,61
2008-07-20,02:10,0,0,0,0,0,0,0,0,0,11,0,2,71
2008-07-20,02:15,0,0,0,0,0,0,0,0,10,0,1,3,77
2008-07-20,02:20,0,0,0,0,0,0,0,10,0,1,4,0,93
2008-07-20,02:25,0,0,0,0,0,0,8,0,0,5,0,0,108
2008-07-20,02:30,0,0,0,0,0,8,0,0,7,0,0,4,118
2008-07-20,02:35,0,0,0,0,6,0,0,9,0,0,2,0,138
2008-07-20,02:40,0,0,0,5,0,0,11,0,0,2,0,0,152
2008-07-20,02:45,0,0,4,0,0,14,0,0,0,0,0,0,170
2008-07-20,02:50,0,3,0,0,16,0,0,0,0,0,0,0,183
2008-07-20,02:55,2,0,0,17,0,0,0,0,0,0,0,0,187
2008-07-20,03:00,0,0,15,0,0,0,0,0,0,0,0,2,201
2008-07-20,03:05,0,11,0,0,0,0,0,0,0,0,1,0,200
2008-07-20,03:10,5,0,0,0,0,0,0,0,0,1,0,2,211
2008-07-20,03:15,0,0,0,0,0,0,0,0,0,0,1,6,210
2008-07-20,03:20,0,0,0,0,0,0,0,0,0,1,2,4,219
2008-07-20,03:25,0,0,0,0,0,0,0,0,0,2,2,4,218
2008-07-20,03:30,0,0,0,0,0,0,0,0,0,2,2,2,238
2008-07-20,03:35,0,0,0,0,0,0,0,0,0,2,1,7,235
2008-07-20,03:40,0,0,0,0,0,0,0,0,0,1,6,14,241
2008-07-20,03:45,0,0,0,0,0,0,0,0,0,7,11,3,256
2008-07-20,03:50,0,0,0,0,0,0,0,0,7,10,1,3,257
2008-07-20,03:55,0,0,0,0,0,0,0,10,9,1,1,4,264
2008-07-20,04:00,0,0,0,0,0,0,12,7,0,1,5,2,260
2008-07-20,04:05,0,0,0,0,0,15,7,0,0,6,1,3,263
2008-07-20,04:10,0,0,0,0,16,6,0,0,7,1,2,1,259
2008-07-20,04:15,0,0,0,18,5,0,0,9,0,2,1,9,257
2008-07-20,04:20,0,0,16,4,0,0,11,0,0,0,4,3,256
2008-07-20,04:25,0,12,3,0,0,14,0,0,0,4,1,16,257
2008-07-20,04:30,5,2,0,0,16,0,0,0,0,1,10,17,249
2008-07-20,04:35,2,0,0,17,0,0,0,0,0,10,18,4,256
2008-07-20,04:40,0,0,15,0,0,0,0,0,6,18,2,7,269
2008-07-20,04:45,0,11,0,0,0,0,0,5,18,2,6,6,271
2008-07-20,04:50,5,0,0,0,0,0,5,20,0,7,3,5,286
2008-07-20,04:55,0,0,0,0,0,4,20,0,6,4,2,3,299
2008-07-20,05:00,0,0,0,0,3,22,0,9,3,2,1,3,305
2008-07-20,05:05,0,0,0,3,22,0,11,2,0,1,2,9,301
2008-07-20,05:10,0,0,2,23,0,14,2,0,0,1,8,2,310
2008-07-20,05:15,0,2,20,0,15,2,0,0,0,10,1,4,311
2008-07-20,05:20,1,14,0,16,2,0,0,0,7,1,3,0,313
2008-07-20,05:25,7,0,15,1,0,0,0,10,0,3,0,10,288
2008-07-20,05:30,0,11,1,0,0,0,13,0,3,0,6,5,284
2008-07-20,05:35,5,0,0,0,0,15,0,2,0,9,2,6,270
2008-07-20,05:40,1,0,0,0,17,0,2,0,7,2,3,8,256
2008-07-20,05:45,0,0,0,19,0,2,0,8,0,3,3,8,259
2008-07-20,05:50,0,0,16,0,2,0,11,0,0,3,4,6,256
2008-07-20,05:55,0,13,0,1,0,13,0,0,0,3,3,11,260
2008-07-20,06:00,5,0,1,0,15,0,0,0,0,2,5,7,261
2008-07-20,06:05,0,0,0,15,0,0,0,0,0,5,3,13,258
2008-07-20,06:10,1,0,15,0,0,0,0,0,2,3,13,19,241
2008-07-20,06:15,0,11,0,0,0,0,0,3,0,12,21,0,241
2008-07-20,06:20,4,0,0,0,0,0,2,0,13,18,0,13,224
2008-07-20,06:25,0,0,0,0,0,1,0,11,19,0,10,2,212
2008-07-20,06:30,0,0,0,0,2,0,10,20,0,9,4,11,195
2008-07-20,06:35,0,0,0,1,0,8,20,0,7,2,10,9,182
2008-07-20,06:40,0,0,1,0,8,21,0,7,3,9,5,16,169
2008-07-20,06:45,0,0,0,5,22,0,5,2,8,3,13,4,170
2008-07-20,06:50,1,0,6,20,0,5,2,7,0,12,2,4,172
2008-07-20,06:55,0,2,19,0,5,2,7,0,8,2,2,5,172
2008-07-20,07:00,3,14,0,3,2,5,0,8,0,2,7,2,172
2008-07-20,07:05,7,0,3,1,5,0,7,0,0,8,1,5,169
2008-07-20,07:10,0,1,1,3,0,6,0,0,12,1,1,2,176
2008-07-20,07:15,2,0,3,0,5,0,0,14,0,2,1,7,168
2008-07-20,07:20,1,2,0,4,0,0,19,0,0,1,4,7,162
2008-07-20,07:25,2,0,3,0,0,22,0,0,0,5,7,0,160
2008-07-20,07:30,0,2,0,0,26,0,0,0,3,8,0,5,151
2008-07-20,07:35,2,0,0,27,0,0,0,2,9,0,5,7,140
2008-07-20,07:40,0,0,25,0,0,0,2,8,0,6,3,0,133
2008-07-20,07:45,0,18,0,0,0,2,11,0,8,3,0,4,123
2008-07-20,07:50,8,0,0,0,2,12,0,9,0,0,3,3,116
2008-07-20,07:55,0,0,0,1,13,0,13,0,0,2,5,7,105
2008-07-20,08:00,0,0,1,13,0,14,0,0,0,7,6,11,94
2008-07-20,08:05,0,0,13,0,17,0,0,0,8,7,6,0,96
2008-07-20,08:10,1,8,0,18,0,0,0,12,7,5,0,2,103
2008-07-20,08:15,4,0,17,0,0,0,14,9,0,0,1,2,106
2008-07-20,08:20,0,12,0,0,0,17,9,0,0,1,1,0,127
2008-07-20,08:25,5,0,0,0,20,11,0,0,0,0,0,0,137
2008-07-20,08:30,0,0,0,21,11,0,0,0,0,0,0,3,148
2008-07-20,08:35,0,0,19,12,0,0,0,0,0,0,4,6,140
2008-07-20,08:40,0,14,11,0,0,0,0,0,0,5,5,4,147
2008-07-20,08:45,6,7,0,0,0,0,0,0,7,4,1,2,158
2008-07-20,08:50,4,0,0,0,0,0,0,8,3,2,3,0,161
2008-07-20,08:55,0,0,0,0,0,0,12,2,0,2,0,2,167
2008-07-20,09:00,0,0,0,0,0,13,2,0,3,0,2,0,167
2008-07-20,09:05,0,0,0,0,16,2,0,2,0,1,0,7,166
2008-07-20,09:10,0,0,0,16,2,0,2,0,0,0,5,0,175
2008-07-20,09:15,0,0,15,1,0,2,0,0,0,7,0,5,171
2008-07-20,09:20,0,11,1,0,2,0,0,0,7,0,2,0,180
2008-07-20,09:25,5,0,0,1,0,0,0,9,0,2,0,13,171
2008-07-20,09:30,1,0,1,0,0,0,12,0,0,0,12,4,170
2008-07-20,09:35,0,0,0,0,0,14,0,0,0,10,2,2,185
2008-07-20,09:40,1,0,0,0,16,0,0,0,9,2,0,3,185
2008-07-20,09:45,0,0,0,16,0,0,0,8,0,1,4,7,191
2008-07-20,09:50,0,0,16,0,0,0,8,0,0,5,6,5,187
2008-07-20,09:55,0,11,0,0,0,6,0,0,8,5,3,3,191
2008-07-20,10:00,5,0,0,0,5,0,0,9,3,4,1,3,197
2008-07-20,10:05,0,0,0,4,0,0,11,2,3,1,3,8,192
2008-07-20,10:10,0,0,4,0,0,15,2,3,0,3,3,9,194
2008-07-20,10:15,0,2,0,0,16,2,2,0,3,4,10,2,200
2008-07-20,10:20,2,0,0,17,2,2,0,3,0,12,1,5,196
2008-07-20,10:25,0,0,16,1,2,0,2,0,12,1,2,3,205
2008-07-20,10:30,0,11,1,1,0,2,0,14,0,2,4,5,195
2008-07-20,10:35,5,0,2,0,2,0,16,0,0,5,3,4,197
2008-07-20,10:40,1,0,0,1,0,18,0,0,7,4,2,4,198
2008-07-20,10:45,1,0,2,0,21,0,0,10,3,1,2,5,203
2008-07-20,10:50,0,0,0,20,0,0,12,2,0,2,2,1,210
2008-07-20,10:55,1,0,19,0,0,15,2,0,0,2,1,9,214
2008-07-20,11:00,0,14,0,0,16,2,0,0,0,1,5,3,223
2008-07-20,11:05,6,0,0,18,2,0,0,0,0,6,2,2,247
2008-07-20,11:10,0,0,16,1,0,0,0,0,2,2,2,1,260
2008-07-20,11:15,0,12,1,0,0,0,0,3,0,2,1,18,264
2008-07-20,11:20,5,0,0,0,0,0,2,0,0,1,19,14,260
2008-07-20,11:25,1,0,0,0,0,1,0,0,2,22,11,5,275
2008-07-20,11:30,0,0,0,0,2,0,0,3,22,11,8,17,267
2008-07-20,11:35,0,0,0,1,0,0,3,26,9,10,16,8,269
2008-07-20,11:40,0,0,1,0,0,4,29,8,11,15,9,27,238
2008-07-20,11:45,0,0,0,0,4,30,7,14,12,8,25,0,237
2008-07-20,11:50,1,0,0,5,34,6,19,11,8,25,0,10,227
2008-07-20,11:55,0,0,4,35,5,22,11,8,22,0,7,2,216
2008-07-20,12:00,0,4,31,5,27,8,6,19,0,8,1,5,200
2008-07-20,12:05,1,21,3,27,7,6,18,0,7,1,2,6,190
2008-07-20,12:10,11,2,25,5,4,15,0,8,0,2,3,16,166
2008-07-20,12:15,2,19,5,4,12,0,12,0,0,3,15,0,162
2008-07-20,12:20,7,3,3,10,0,13,0,0,0,16,0,14,146
2008-07-20,12:25,3,2,9,0,16,0,0,0,15,0,10,3,140
2008-07-20,12:30,2,5,0,16,0,0,0,17,0,12,1,18,122
2008-07-20,12:35,5,0,15,0,0,0,18,0,12,1,14,0,125
2008-07-20,12:40,0,11,0,0,0,20,0,16,0,15,0,8,117
2008-07-20,12:45,5,0,0,0,22,0,19,0,14,0,5,3,124
2008-07-20,12:50,0,0,0,20,0,24,0,15,0,4,2,9,123
2008-07-20,12:55,0,0,19,0,27,0,16,0,3,3,5,2,131
2008-07-20,13:00,0,14,0,29,0,19,0,2,2,7,1,11,127
2008-07-20,13:05,7,0,27,0,19,0,2,3,7,1,10,9,120
2008-07-20,13:10,0,19,0,20,0,2,2,9,0,10,9,0,122
2008-07-20,13:15,8,0,18,0,2,1,11,0,8,9,0,4,123
2008-07-20,13:20,0,13,0,1,2,13,0,8,9,0,4,0,113
2008-07-20,13:25,6,0,1,1,15,0,7,8,0,3,0,3,116
2008-07-20,13:30,0,0,1,17,0,6,7,0,3,0,1,4,109
2008-07-20,13:35,1,0,15,0,5,6,0,2,0,1,3,14,97
2008-07-20,13:40,1,10,0,4,5,0,2,0,0,4,11,3,98
2008-07-20,13:45,5,0,3,4,0,1,0,0,5,12,2,2,100
2008-07-20,13:50,0,2,3,0,2,0,0,5,9,1,1,0,107
2008-07-20,13:55,2,2,0,1,0,0,7,8,0,1,0,2,106
2008-07-20,14:00,2,0,1,0,0,9,7,0,0,0,1,2,108
2008-07-20,14:05,0,1,0,0,10,6,0,0,0,1,4,3,114
2008-07-20,14:10,0,0,0,10,5,0,0,0,0,6,1,0,114
2008-07-20,14:15,0,0,10,4,0,0,0,0,7,1,0,3,113
2008-07-20,14:20,0,7,4,0,0,0,0,9,0,0,1,5,113
2008-07-20,14:25,3,2,0,0,0,0,12,0,0,1,4,2,117
2008-07-20,14:30,2,0,0,0,0,15,0,0,0,6,1,5,118
2008-07-20,14:35,0,0,0,0,16,0,0,0,7,1,7,5,121
2008-07-20,14:40,0,0,0,17,0,0,0,9,0,10,3,3,120
2008-07-20,14:45,0,0,16,0,0,0,11,0,14,4,1,0,130
2008-07-20,14:50,0,12,0,0,0,13,0,18,4,1,0,7,128
2008-07-20,14:55,5,0,0,0,15,0,22,5,0,0,6,0,144
2008-07-20,15:00,0,0,0,17,0,28,6,0,0,4,0,3,151
2008-07-20,15:05,0,0,15,0,30,7,0,0,3,0,1,5,155
2008-07-20,15:10,0,10,0,33,9,0,0,2,0,1,3,5,170
2008-07-20,15:15,5,0,30,9,0,0,2,0,0,4,5,0,184
2008-07-20,15:20,0,23,8,0,0,2,0,0,2,4,0,4,191
2008-07-20,15:25,9,6,0,0,2,0,0,3,5,0,4,4,201
2008-07-20,15:30,3,0,0,1,0,0,2,4,0,5,2,6,208
2008-07-20,15:35,0,0,1,0,0,1,3,0,5,1,5,0,227
2008-07-20,15:40,0,0,0,0,2,4,0,6,0,6,0,2,233
2008-07-20,15:45,1,0,0,1,2,0,8,0,8,0,3,11,238
2008-07-20,15:50,0,0,1,2,0,10,0,9,0,2,6,0,258
2008-07-20,15:55,0,0,2,0,11,0,13,0,3,7,0,10,265
2008-07-20,16:00,1,1,0,12,0,14,0,3,4,0,7,6,273
2008-07-20,16:05,1,0,11,0,17,0,4,5,0,6,5,0,289
2008-07-20,16:10,0,8,0,18,0,6,3,0,3,6,0,2,296
2008-07-20,16:15,3,0,17,0,6,3,0,5,7,0,1,4,315
2008-07-20,16:20,0,12,0,6,3,0,5,9,0,1,2,3,314
2008-07-20,16:25,5,0,6,2,0,7,11,0,0,2,2,15,307
2008-07-20,16:30,0,4,2,0,8,13,0,0,0,2,13,1,305
2008-07-20,16:35,2,1,0,8,15,0,0,0,0,16,1,8,295
2008-07-20,16:40,1,0,7,17,0,0,0,0,13,1,4,3,290
2008-07-20,16:45,0,6,15,0,0,0,0,14,0,4,2,6,280
2008-07-20,16:50,2,10,0,0,0,0,15,0,0,2,3,6,264
2008-07-20,16:55,5,0,0,0,0,15,0,0,0,3,3,8,260
2008-07-20,17:00,0,0,0,0,15,0,0,0,0,2,7,8,239
2008-07-20,17:05,0,0,0,15,0,0,0,0,0,9,4,2,223
2008-07-20,17:10,0,0,14,0,0,0,0,0,10,4,1,4,220
2008-07-20,17:15,0,10,0,0,0,0,0,11,0,1,2,10,195
2008-07-20,17:20,5,0,0,0,0,0,13,0,0,2,5,12,188
2008-07-20,17:25,0,0,0,0,0,16,0,0,0,4,8,2,190
2008-07-20,17:30,0,0,0,0,18,0,0,0,2,10,3,7,197
2008-07-20,17:35,0,0,0,18,0,0,0,3,8,2,10,2,225
2008-07-20,17:40,0,0,16,0,0,0,3,11,3,13,1,8,281
2008-07-20,17:45,0,11,0,0,0,4,14,2,15,1,3,1,341
2008-07-20,17:50,6,0,0,0,4,16,2,18,0,4,1,6,375
2008-07-20,17:55,0,0,0,5,19,2,23,0,0,1,2,5,352
2008-07-20,18:00,0,0,4,20,2,29,0,0,0,2,5,11,274
2008-07-20,18:05,0,4,19,1,32,0,0,0,0,6,8,2,194
2008-07-20,18:10,1,13,1,35,0,0,0,0,5,8,3,1,134
2008-07-20,18:15,6,0,32,0,0,0,0,6,5,2,1,0,114
2008-07-20,18:20,1,22,0,0,0,0,8,5,3,1,0,4,94
2008-07-20,18:25,10,0,0,0,0,10,5,2,0,0,2,0,99
2008-07-20,18:30,0,0,0,0,11,4,2,0,0,2,0,4,95
2008-07-20,18:35,0,0,0,12,3,2,0,0,0,0,2,5,89
2008-07-20,18:40,0,0,11,3,2,0,0,0,0,1,5,0,90
2008-07-20,18:45,0,8,2,1,0,0,0,0,0,5,0,6,89
2008-07-20,18:50,3,2,1,0,0,0,0,0,3,0,5,7,89
2008-07-20,18:55,1,0,0,0,0,0,0,3,0,6,3,0,98
2008-07-20,19:00,1,0,0,0,0,0,3,0,7,3,0,0,99
2008-07-20,19:05,0,0,0,0,0,2,0,9,2,0,0,3,104
2008-07-20,19:10,0,0,0,0,2,0,11,3,0,0,3,1,101
2008-07-20,19:15,0,0,0,2,0,14,3,0,0,6,1,3,98
2008-07-20,19:20,0,0,1,0,15,4,0,0,7,1,1,0,103
2008-07-20,19:25,0,1,0,17,4,0,0,10,0,1,0,4,99
2008-07-20,19:30,1,0,15,5,0,0,12,0,0,0,2,3,96
2008-07-20,19:35,0,11,4,0,0,14,0,0,0,2,2,2,89
2008-07-20,19:40,5,4,0,0,17,0,0,0,0,3,3,0,84
2008-07-20,19:45,1,0,0,17,0,0,0,0,2,3,0,0,75
2008-07-20,19:50,0,0,16,0,0,0,0,2,5,0,0,3,60
2008-07-20,19:55,0,12,0,0,0,0,4,6,0,0,1,4,48
2008-07-20,20:00,5,0,0,0,0,4,8,0,0,1,2,3,34
2008-07-20,20:05,0,0,0,0,5,9,0,0,0,2,1,3,30
2008-07-20,20:10,0,0,0,5,11,0,0,0,0,1,1,0,26
2008-07-20,20:15,0,0,5,11,0,0,0,0,0,1,0,2,21
2008-07-20,20:20,0,4,10,0,0,0,0,0,0,0,1,4,17
2008-07-20,20:25,1,8,0,0,0,0,0,0,0,1,2,15,6
2008-07-20,20:30,3,0,0,0,0,0,0,0,0,2,16,0,7
2008-07-20,20:35,0,0,0,0,0,0,0,0,0,19,0,0,10
2008-07-20,20:40,0,0,0,0,0,0,0,0,23,0,0,2,10
2008-07-20,20:45,0,0,0,0,0,0,0,25,0,0,2,0,11
2008-07-20,20:50,0,0,0,0,0,0,29,0,0,3,0,0,12
2008-07-20,20:55,0,0,0,0,0,35,0,0,3,0,0,0,13
2008-07-20,21:00,0,0,0,0,36,0,0,5,0,0,0,0,14
2008-07-20,21:05,0,0,0,38,0,0,6,0,0,0,0,0,14
2008-07-20,21:10,0,0,34,0,0,8,0,0,0,0,0,0,14
2008-07-20,21:15,0,24,0,0,8,0,0,0,0,0,0,0,16
2008-07-20,21:20,12,0,0,9,0,0,0,0,0,0,0,0,14
2008-07-20,21:25,0,0,8,0,0,0,0,0,0,0,0,0,18
2008-07-20,21:30,0,6,0,0,0,0,0,0,0,0,0,5,16
2008-07-20,21:35,3,0,0,0,0,0,0,0,0,0,5,0,20
2008-07-20,21:40,0,0,0,0,0,0,0,0,0,6,0,0,24
2008-07-20,21:45,0,0,0,0,0,0,0,0,7,0,0,0,27
2008-07-20,21:50,0,0,0,0,0,0,0,9,0,0,0,0,34
2008-07-20,21:55,0,0,0,0,0,0,11,0,0,0,0,0,38
2008-07-20,22:00,0,0,0,0,0,14,0,0,0,0,0,0,40
2008-07-20,22:05,0,0,0,0,15,0,0,0,0,0,0,0,41
2008-07-20,22:10,0,0,0,17,0,0,0,0,0,0,0,0,44
2008-07-20,22:15,0,0,15,0,0,0,0,0,0,0,0,0,44
2008-07-20,22:20,0,11,0,0,0,0,0,0,0,0,0,0,42
2008-07-20,22:25,5,0,0,0,0,0,0,0,0,0,0,3,38
2008-07-20,22:30,0,0,0,0,0,0,0,0,0,0,1,0,37
2008-07-20,22:35,0,0,0,0,0,0,0,0,0,1,0,0,36
2008-07-20,22:40,0,0,0,0,0,0,0,0,0,0,0,2,30
2008-07-20,22:45,0,0,0,0,0,0,0,0,0,0,1,0,28
2008-07-20,22:50,0,0,0,0,0,0,0,0,0,1,0,0,23
2008-07-20,22:55,0,0,0,0,0,0,0,0,0,0,0,3,16
2008-07-20,23:00,0,0,0,0,0,0,0,0,0,0,1,0,13
2008-07-20,23:05,0,0,0,0,0,0,0,0,0,1,0,0,10
2008-07-20,23:10,0,0,0,0,0,0,0,0,0,0,0,0,6
2008-07-20,23:15,0,0,0,0,0,0,0,0,0,0,0,4,0
2008-07-20,23:20,0,0,0,0,0,0,0,0,0,0,2,0,0
2008-07-20,23:25,0,0,0,0,0,0,0,0,0,1,0,0,0
2008-07-20,23:30,0,0,0,0,0,0,0,0,0,0,0,0,0
2008-07-20,23:35,0,0,0,0,0,0,0,0,0,0,0,0,0
2008-07-20,23:40,0,0,0,0,0,0,0,0,0,0,0,0,0
2008-07-20,23:45,0,0,0,0,0,0,0,0,0,0,0,0,0
2008-07-20,23:50,0,0,0,0,0,0,0,0,0,0,0,0,0
2008-07-20,23:55,0,0,0,0,0,0,0,0,0,0,0,0,0
2008-07-21,00:00,0,0,0,0,0,0,0,0,0,0,0,0,0
2008-07-21,00:05,0,0,0,0,0,0,0,0,0,0,0,0,0
2008-07-21,00:10,0,0,0,0,0,0,0,0,0,0,0,0,0
2008-07-21,00:15,0,0,0,0,0,0,0,0,0,0,0,0,0
2008-07-21,00:20,0,0,0,0,0,0,0,0,0,0,0,0,0
2008-07-21,00:25,0,0,0,0,0,0,0,0,0,0,0,0,0
2008-07-21,00:30,0,0,0,0,0,0,0,0,0,0,0,0,0
2008-07-21,00:35,0,0,0,0,0,0,0,0,0,0,0,0,0
2008-07-21,00:40,0,0,0,0,0,0,0,0,0,0,0,0,0
2008-07-21,00:45,0,0,0,0,0,0,0,0,0,0,0,0,2
2008-07-21,00:50,0,0,0,0,0,0,0,0,0,0,0,0,2
2008-07-21,00:55,0,0,0,0,0,0,0,0,0,0,0,0,3
2008-07-21,01:00,0,0,0,0,0,0,0,0,0,0,0,0,4
2008-07-21,01:05,0,0,0,0,0,0,0,0,0,0,0,0,5
2008-07-21,01:10,0,0,0,0,0,0,0,0,0,0,0,0,10
2008-07-21,01:15,0,0,0,0,0,0,0,0,0,0,0,0,11
2008-07-21,01:20,0,0,0,0,0,0,0,0,0,0,0,0,14
2008-07-21,01:25,0,0,0,0,0,0,0,0,0,0,0,0,18
2008-07-21,01:30,0,0,0,0,0,0,0,0,0,0,0,0,21
2008-07-21,01:35,0,0,0,0,0,0,0,0,0,0,0,0,23
2008-07-21,01:40,0,0,0,0,0,0,0,0,0,0,0,0,25
2008-07-21,01:45,0,0,0,0,0,0,0,0,0,0,0,0,27
2008-07-21,01:50,0,0,0,0,0,0,0,0,0,0,0,0,29
2008-07-21,01:55,0,0,0,0,0,0,0,0,0,0,0,0,30
2008-07-21,02:00,0,0,0,0,0,0,0,0,0,0,0,0,33
2008-07-21,02:05,0,0,0,0,0,0,0,0,0,0,0,3,28
2008-07-21,02:10,0,0,0,0,0,0,0,0,0,0,4,2,26
2008-07-21,02:15,0,0,0,0,0,0,0,0,0,5,1,9,18
2008-07-21,02:20,0,0,0,0,0,0,0,0,7,1,9,0,16
2008-07-21,02:25,0,0,0,0,0,0,0,9,0,9,0,0,18
2008-07-21,02:30,0,0,0,0,0,0,11,0,8,0,0,0,19
2008-07-21,02:35,0,0,0,0,0,14,0,8,0,0,0,3,19
2008-07-21,02:40,0,0,0,0,15,0,7,0,0,0,1,0,20
2008-07-21,02:45,0,0,0,17,0,6,0,0,0,1,0,0,24
2008-07-21,02:50,0,0,15,0,5,0,0,0,0,0,0,0,36
2008-07-21,02:55,0,11,0,4,0,0,0,0,0,0,0,5,37
2008-07-21,03:00,5,0,3,0,0,0,0,0,0,0,5,5,43
2008-07-21,03:05,0,2,0,0,0,0,0,0,0,4,6,0,53
2008-07-21,03:10,2,0,0,0,0,0,0,0,5,9,0,0,64
2008-07-21,03:15,0,0,0,0,0,0,0,4,11,0,0,0,79
2008-07-21,03:20,0,0,0,0,0,0,3,15,0,0,0,0,98
2008-07-21,03:25,0,0,0,0,0,4,19,0,0,0,0,4,105
2008-07-21,03:30,0,0,0,0,2,22,0,0,0,0,3,3,122
2008-07-21,03:35,0,0,0,2,26,0,0,0,0,5,5,18,118
2008-07-21,03:40,0,0,2,27,0,0,0,0,4,7,19,18,117
2008-07-21,03:45,0,1,26,0,0,0,0,6,8,22,18,0,138
2008-07-21,03:50,1,19,0,0,0,0,8,12,24,19,0,5,140
2008-07-21,03:55,7,0,0,0,0,9,14,31,17,0,4,0,145
2008-07-21,04:00,0,0,0,0,10,18,32,16,0,6,0,0,153
2008-07-21,04:05,0,0,0,11,19,36,14,0,8,0,0,3,159
2008-07-21,04:10,0,0,10,21,40,12,0,9,0,0,2,0,168
2008-07-21,04:15,0,8,20,40,11,0,11,0,0,3,0,8,167
2008-07-21,04:20,3,14,36,8,0,15,0,0,2,0,3,0,184
2008-07-21,04:25,6,25,7,0,16,0,0,3,0,3,0,4,202
2008-07-21,04:30,13,4,0,17,0,0,2,0,0,0,2,17,196
2008-07-21,04:35,4,0,16,0,0,1,0,0,0,2,19,0,215
2008-07-21,04:40,0,11,0,0,2,0,0,0,0,21,0,7,229
2008-07-21,04:45,5,0,0,1,0,0,0,0,18,0,6,3,248
2008-07-21,04:50,0,0,1,0,0,0,0,19,0,7,3,11,253
2008-07-21,04:55,0,0,0,0,0,0,22,0,9,4,11,0,265
2008-07-21,05:00,1,0,0,0,0,22,0,9,3,11,0,0,272
2008-07-21,05:05,0,0,0,0,22,0,14,3,11,0,0,11,268
2008-07-21,05:10,0,0,0,23,0,16,3,9,0,0,5,8,272
2008-07-21,05:15,0,0,21,0,18,2,9,0,0,5,8,0,277
2008-07-21,05:20,0,14,0,19,2,7,0,0,0,9,0,3,277
2008-07-21,05:25,7,0,17,1,6,0,0,0,9,0,3,10,265
2008-07-21,05:30,0,13,1,5,0,0,0,11,0,5,10,6,252
2008-07-21,05:35,5,1,4,0,0,0,14,0,7,14,2,11,238
2008-07-21,05:40,1,3,0,0,0,17,0,9,16,2,6,3,229
2008-07-21,05:45,2,0,0,0,19,0,11,19,0,6,1,13,204
2008-07-21,05:50,0,0,0,20,0,13,26,0,3,1,6,3,199
2008-07-21,05:55,0,0,19,0,15,30,0,3,0,4,1,6,188
2008-07-21,06:00,0,14,0,16,35,0,3,0,0,1,4,0,182
2008-07-21,06:05,6,0,15,37,0,3,0,0,0,4,0,17,154
2008-07-21,06:10,0,11,35,0,2,0,0,0,3,0,13,17,134
2008-07-21,06:15,4,25,0,1,0,0,0,2,0,11,13,5,137
2008-07-21,06:20,10,0,1,0,0,0,3,0,8,11,2,0,139
2008-07-21,06:25,0,1,0,0,0,2,0,7,8,4,0,5,137
2008-07-21,06:30,1,0,0,0,1,0,6,7,4,0,3,12,122
2008-07-21,06:35,0,0,0,2,0,6,7,4,0,4,10,4,129
2008-07-21,06:40,0,0,1,0,5,5,6,0,3,10,2,9,129
2008-07-21,06:45,0,0,0,3,5,7,0,2,7,2,7,0,139
2008-07-21,06:50,1,0,3,3,8,0,2,7,0,7,0,0,150
2008-07-21,06:55,0,2,3,8,0,2,6,0,5,0,0,6,158
2008-07-21,07:00,2,2,8,0,2,6,0,4,0,0,5,16,145
2008-07-21,07:05,2,6,0,1,4,0,4,0,0,6,15,0,150
2008-07-21,07:10,2,0,1,4,0,3,0,0,7,15,0,0,152
2008-07-21,07:15,0,0,2,0,3,0,0,9,16,0,0,13,136
2008-07-21,07:20,1,2,0,2,0,0,12,17,0,0,13,4,130
2008-07-21,07:25,2,0,2,0,0,14,19,0,0,12,2,2,123
2008-07-21,07:30,0,1,0,0,16,20,0,0,13,1,1,3,121
2008-07-21,07:35,1,0,0,16,21,0,0,11,0,1,3,5,116
2008-07-21,07:40,0,0,16,21,0,0,10,0,0,5,3,8,113
2008-07-21,07:45,0,11,19,0,0,8,0,0,7,2,4,3,118
2008-07-21,07:50,5,13,0,0,7,0,0,8,0,3,2,3,131
2008-07-21,07:55,7,0,0,7,0,0,11,0,0,1,4,9,128
2008-07-21,08:00,0,0,4,0,0,13,0,0,0,6,11,3,128
2008-07-21,08:05,0,3,0,0,15,0,0,0,7,14,1,0,135
2008-07-21,08:10,3,0,0,15,0,0,0,10,17,1,0,0,130
2008-07-21,08:15,0,0,15,0,0,0,12,21,0,0,0,5,125
2008-07-21,08:20,0,11,0,0,0,15,26,0,0,0,3,4,114
2008-07-21,08:25,4,0,0,0,17,29,0,0,0,4,2,0,115
2008-07-21,08:30,0,0,0,18,33,0,0,0,2,1,0,2,102
2008-07-21,08:35,0,0,17,35,0,0,0,3,0,0,1,4,93
2008-07-21,08:40,0,12,32,0,0,0,2,0,0,1,2,0,95
2008-07-21,08:45,5,22,0,0,0,1,0,0,0,2,0,8,81
2008-07-21,08:50,11,0,0,0,2,0,0,0,0,0,7,6,85
2008-07-21,08:55,0,0,0,1,0,0,0,0,0,4,3,0,88
2008-07-21,09:00,0,0,1,0,0,0,0,0,3,2,0,0,94
2008-07-21,09:05,0,0,0,0,0,0,0,2,0,0,0,4,95
2008-07-21,09:10,1,0,0,0,0,0,2,0,0,0,2,0,103
2008-07-21,09:15,0,0,0,0,0,2,0,0,0,1,0,0,111
2008-07-21,09:20,0,0,0,0,2,0,0,0,0,0,0,0,112
2008-07-21,09:25,0,0,0,1,0,0,0,0,0,0,0,0,115
2008-07-21,09:30,0,0,1,0,0,0,0,0,0,0,0,6,110
2008-07-21,09:35,0,0,0,0,0,0,0,0,0,0,3,0,115
2008-07-21,09:40,1,0,0,0,0,0,0,0,0,4,0,0,123
2008-07-21,09:45,0,0,0,0,0,0,0,0,2,0,0,3,123
2008-07-21,09:50,0,0,0,0,0,0,0,3,0,0,1,7,128
2008-07-21,09:55,0,0,0,0,0,0,3,0,0,1,3,0,149
2008-07-21,10:00,0,0,0,0,0,5,0,0,0,3,0,0,162
2008-07-21,10:05,0,0,0,0,5,0,0,0,0,0,0,7,172
2008-07-21,10:10,0,0,0,5,0,0,0,0,0,0,2,3,192
2008-07-21,10:15,0,0,5,0,0,0,0,0,0,3,4,0,202
2008-07-21,10:20,0,4,0,0,0,0,0,0,0,5,0,0,211
2008-07-21,10:25,1,0,0,0,0,0,0,0,7,0,0,6,210
2008-07-21,10:30,0,0,0,0,0,0,0,9,0,0,6,0,213
2008-07-21,10:35,0,0,0,0,0,0,11,0,0,8,0,16,191
2008-07-21,10:40,0,0,0,0,0,14,0,0,9,0,15,5,176
2008-07-21,10:45,0,0,0,0,15,0,0,12,0,16,2,5,170
2008-07-21,10:50,0,0,0,17,0,0,14,0,15,2,2,2,160
2008-07-21,10:55,0,0,15,0,0,15,0,17,0,3,1,5,153
2008-07-21,11:00,0,11,0,0,18,0,19,0,0,1,4,7,142
2008-07-21,11:05,5,0,0,17,0,20,0,0,0,5,3,4,137
2008-07-21,11:10,0,0,17,0,20,0,0,0,3,3,3,1,144
2008-07-21,11:15,0,11,0,20,0,0,0,3,0,3,1,24,123
2008-07-21,11:20,6,0,19,0,0,0,3,0,0,1,21,14,107
2008-07-21,11:25,0,13,0,0,0,3,0,0,2,26,12,3,120
2008-07-21,11:30,7,0,0,0,2,0,0,3,23,11,5,16,103
2008-07-21,11:35,0,0,0,1,0,0,3,24,9,7,17,11,101
2008-07-21,11:40,0,0,1,0,0,4,25,7,7,19,9,18,81
2008-07-21,11:45,0,1,0,0,4,26,7,12,19,10,17,2,83
2008-07-21,11:50,1,0,0,5,25,5,13,19,8,18,0,6,77
2008-07-21,11:55,0,0,4,25,5,16,21,8,17,1,4,0,77
2008-07-21,12:00,0,4,22,4,19,21,7,15,0,6,0,0,72
2008-07-21,12:05,1,16,3,20,22,6,13,0,7,0,0,2,70
2008-07-21,12:10,9,2,19,20,5,12,0,8,0,0,1,4,63
2008-07-21,12:15,2,14,19,4,10,0,11,0,0,1,5,2,61
2008-07-21,12:20,5,13,3,7,0,13,0,0,0,6,2,7,49
2008-07-21,12:25,7,2,7,0,15,0,0,0,8,4,3,3,50
2008-07-21,12:30,2,4,0,16,0,0,0,9,4,2,3,5,46
2008-07-21,12:35,4,0,15,0,0,0,11,6,0,2,6,3,44
2008-07-21,12:40,0,11,0,0,0,15,8,0,3,7,1,0,44
2008-07-21,12:45,4,0,0,0,16,9,0,3,10,1,0,0,43
2008-07-21,12:50,0,0,0,17,10,0,2,10,0,0,0,3,41
2008-07-21,12:55,0,0,16,11,0,2,13,0,0,0,4,0,39
2008-07-21,13:00,0,11,10,0,1,15,0,0,0,5,0,2,39
2008-07-21,13:05,5,8,0,2,17,0,0,0,6,0,1,2,40
2008-07-21,13:10,3,0,1,16,0,0,0,9,0,1,1,0,44
2008-07-21,13:15,0,0,16,0,0,0,11,0,0,1,0,9,40
2008-07-21,13:20,1,11,0,0,0,14,0,0,0,0,9,0,48
2008-07-21,13:25,5,0,0,0,15,0,0,0,0,9,0,0,55
2008-07-21,13:30,0,0,0,16,0,0,0,0,6,0,0,0,60
2008-07-21,13:35,0,0,15,0,0,0,0,6,0,0,0,0,67
2008-07-21,13:40,0,11,0,0,0,0,6,0,0,0,0,0,73
2008-07-21,13:45,5,0,0,0,0,4,0,0,0,0,0,0,74
2008-07-21,13:50,0,0,0,0,4,0,0,0,0,0,0,0,78
2008-07-21,13:55,0,0,0,4,0,0,0,0,0,0,0,0,73
2008-07-21,14:00,0,0,2,0,0,0,0,0,0,0,0,6,71
2008-07-21,14:05,0,2,0,0,0,0,0,0,0,0,5,4,69
2008-07-21,14:10,2,0,0,0,0,0,0,0,0,6,4,0,70
2008-07-21,14:15,0,0,0,0,0,0,0,0,7,4,0,6,67
2008-07-21,14:20,0,0,0,0,0,0,0,9,5,0,3,3,69
2008-07-21,14:25,0,0,0,0,0,0,11,6,0,4,3,3,71
2008-07-21,14:30,0,0,0,0,0,14,8,0,2,5,1,5,72
2008-07-21,14:35,0,0,0,0,15,9,0,3,7,1,6,0,83
2008-07-21,14:40,0,0,0,17,11,0,2,9,0,7,0,1,86
2008-07-21,14:45,0,0,15,11,0,1,11,0,9,0,1,0,97
2008-07-21,14:50,0,11,10,0,2,13,0,11,0,2,0,12,94
2008-07-21,14:55,5,8,0,1,15,0,14,0,2,0,11,0,113
2008-07-21,15:00,3,0,1,17,0,17,0,3,0,10,0,0,120
2008-07-21,15:05,0,0,15,0,19,0,4,0,8,0,0,2,135
2008-07-21,15:10,1,10,0,20,0,5,0,8,0,0,1,3,144
2008-07-21,15:15,5,0,19,0,5,0,7,0,0,1,1,0,166
2008-07-21,15:20,0,14,0,6,0,6,0,0,0,1,0,0,182
2008-07-21,15:25,6,0,5,0,6,0,0,0,0,0,0,0,191
2008-07-21,15:30,0,3,0,4,0,0,0,0,0,0,0,6,205
2008-07-21,15:35,2,0,3,0,0,0,0,0,0,0,5,7,208
2008-07-21,15:40,0,2,0,0,0,0,0,0,0,6,4,1,215
2008-07-21,15:45,2,0,0,0,0,0,0,0,7,5,1,8,222
2008-07-21,15:50,0,0,0,0,0,0,0,9,3,2,5,4,223
2008-07-21,15:55,0,0,0,0,0,0,11,3,3,5,2,5,227
2008-07-21,16:00,0,0,0,0,0,14,3,4,5,1,6,5,225
2008-07-21,16:05,0,0,0,0,16,3,4,4,0,6,4,0,227
2008-07-21,16:10,0,0,0,17,2,6,3,0,7,4,0,6,221
2008-07-21,16:15,0,0,15,1,6,3,0,9,4,0,3,4,228
2008-07-21,16:20,0,11,1,7,2,0,11,5,0,2,2,6,219
2008-07-21,16:25,5,1,7,2,0,14,6,0,0,2,3,1,220
2008-07-21,16:30,1,4,2,0,15,7,0,0,0,3,1,1,215
2008-07-21,16:35,2,1,0,17,9,0,0,0,0,1,1,6,212
2008-07-21,16:40,1,0,15,9,0,0,0,0,0,1,6,5,205
2008-07-21,16:45,0,11,8,0,0,0,0,0,0,6,2,5,214
2008-07-21,16:50,5,6,0,0,0,0,0,0,4,2,3,4,250
2008-07-21,16:55,3,0,0,0,0,0,0,4,0,2,2,8,291
2008-07-21,17:00,0,0,0,0,0,0,4,0,0,2,3,4,358
2008-07-21,17:05,0,0,0,0,0,3,0,0,0,3,2,0,390
2008-07-21,17:10,0,0,0,0,3,0,0,0,0,2,0,5,363
2008-07-21,17:15,0,0,0,2,0,0,0,0,0,0,1,5,293
2008-07-21,17:20,0,0,2,0,0,0,0,0,0,2,2,8,210
2008-07-21,17:25,0,1,0,0,0,0,0,0,0,2,6,3,157
2008-07-21,17:30,1,0,0,0,0,0,0,0,0,7,3,11,124
2008-07-21,17:35,0,0,0,0,0,0,0,0,7,5,15,2,99
2008-07-21,17:40,0,0,0,0,0,0,0,9,7,19,1,6,90
2008-07-21,17:45,0,0,0,0,0,0,11,8,26,1,2,1,85
2008-07-21,17:50,0,0,0,0,0,14,11,31,0,3,1,6,74
2008-07-21,17:55,0,0,0,0,15,13,41,0,0,1,2,4,67
2008-07-21,18:00,0,0,0,17,15,50,0,0,0,2,4,8,61
2008-07-21,18:05,0,0,15,16,57,0,0,0,0,3,7,0,61
2008-07-21,18:10,0,11,15,61,0,0,0,0,3,7,0,2,56
2008-07-21,18:15,5,11,56,0,0,0,0,2,6,0,1,0,57
2008-07-21,18:20,4,41,0,0,0,0,2,5,0,1,0,1,49
2008-07-21,18:25,16,0,0,0,0,2,4,0,0,0,1,3,48
2008-07-21,18:30,0,0,0,0,2,4,0,0,0,1,1,3,44
2008-07-21,18:35,0,0,0,1,4,0,0,0,0,1,3,3,38
2008-07-21,18:40,0,0,1,2,0,0,0,0,0,6,3,0,38
2008-07-21,18:45,0,0,2,0,0,0,0,0,7,4,0,3,35
2008-07-21,18:50,1,2,0,0,0,0,0,10,3,0,1,4,35
2008-07-21,18:55,1,0,0,0,0,0,12,3,0,1,2,0,39
2008-07-21,19:00,0,0,0,0,0,14,3,0,0,1,0,0,49
2008-07-21,19:05,0,0,0,0,17,2,0,0,0,0,0,6,50
2008-07-21,19:10,0,0,0,17,2,0,0,0,0,0,10,0,53
2008-07-21,19:15,0,0,16,1,0,0,0,0,0,13,0,0,57
2008-07-21,19:20,0,12,1,0,0,0,0,0,17,0,0,0,60
2008-07-21,19:25,5,1,0,0,0,0,0,23,0,0,0,3,61
2008-07-21,19:30,1,0,0,0,0,0,28,0,0,0,1,0,64
2008-07-21,19:35,0,0,0,0,0,35,0,0,0,1,0,0,64
2008-07-21,19:40,0,0,0,0,39,0,0,0,0,0,0,0,60
2008-07-21,19:45,0,0,0,42,0,0,0,0,0,0,0,0,57
2008-07-21,19:50,0,0,38,0,0,0,0,0,0,0,0,0,51
2008-07-21,19:55,0,28,0,0,0,0,0,0,0,0,0,4,44
2008-07-21,20:00,12,0,0,0,0,0,0,0,0,0,2,2,39
2008-07-21,20:05,0,0,0,0,0,0,0,0,0,2,1,4,31
2008-07-21,20:10,0,0,0,0,0,0,0,0,0,1,4,0,28
2008-07-21,20:15,0,0,0,0,0,0,0,0,0,6,0,2,23
2008-07-21,20:20,0,0,0,0,0,0,0,0,8,0,1,2,24
2008-07-21,20:25,0,0,0,0,0,0,0,11,0,1,1,12,14
2008-07-21,20:30,0,0,0,0,0,0,13,0,0,1,10,0,17
2008-07-21,20:35,0,0,0,0,0,16,0,0,0,10,0,0,19
2008-07-21,20:40,0,0,0,0,18,0,0,0,9,0,0,0,25
2008-07-21,20:45,0,0,0,19,0,0,0,8,0,0,0,0,27
2008-07-21,20:50,0,0,18,0,0,0,8,0,0,0,0,0,28
2008-07-21,20:55,0,14,0,0,0,6,0,0,0,0,0,0,31
2008-07-21,21:00,5,0,0,0,5,0,0,0,0,0,0,0,34
2008-07-21,21:05,0,0,0,4,0,0,0,0,0,0,0,0,34
2008-07-21,21:10,0,0,4,0,0,0,0,0,0,0,0,0,40
2008-07-21,21:15,0,2,0,0,0,0,0,0,0,0,0,2,36
2008-07-21,21:20,2,0,0,0,0,0,0,0,0,0,4,3,36
2008-07-21,21:25,0,0,0,0,0,0,0,0,0,6,1,0,38
2008-07-21,21:30,0,0,0,0,0,0,0,0,7,1,0,0,40
2008-07-21,21:35,0,0,0,0,0,0,0,9,0,0,0,0,41
2008-07-21,21:40,0,0,0,0,0,0,12,0,0,0,0,0,44
2008-07-21,21:45,0,0,0,0,0,14,0,0,0,0,0,4,41
2008-07-21,21:50,0,0,0,0,16,0,0,0,0,0,2,0,46
2008-07-21,21:55,0,0,0,18,0,0,0,0,0,1,0,12,36
2008-07-21,22:00,0,0,16,0,0,0,0,0,0,0,12,0,35
2008-07-21,22:05,0,11,0,0,0,0,0,0,0,11,0,0,33
2008-07-21,22:10,5,0,0,0,0,0,0,0,11,0,0,0,28
2008-07-21,22:15,0,0,0,0,0,0,0,10,0,0,0,0,23
2008-07-21,22:20,0,0,0,0,0,0,9,0,0,0,0,0,18
2008-07-21,22:25,0,0,0,0,0,8,0,0,0,0,0,3,9
2008-07-21,22:30,0,0,0,0,6,0,0,0,0,0,1,0,9
2008-07-21,22:35,0,0,0,6,0,0,0,0,0,1,0,4,7
2008-07-21,22:40,0,0,4,0,0,0,0,0,0,0,2,0,8
2008-07-21,22:45,0,3,0,0,0,0,0,0,0,1,0,0,12
2008-07-21,22:50,2,0,0,0,0,0,0,0,0,0,0,0,15
2008-07-21,22:55,0,0,0,0,0,0,0,0,0,0,0,0,20
2008-07-21,23:00,0,0,0,0,0,0,0,0,0,0,0,0,26
2008-07-21,23:05,0,0,0,0,0,0,0,0,0,0,0,0,33
2008-07-21,23:10,0,0,0,0,0,0,0,0,0,0,0,0,38
2008-07-21,23:15,0,0,0,0,0,0,0,0,0,0,0,0,44
2008-07-21,23:20,0,0,0,0,0,0,0,0,0,0,0,0,47
2008-07-21,23:25,0,0,0,0,0,0,0,0,0,0,0,0,51
2008-07-21,23:30,0,0,0,0,0,0,0,0,0,0,0,0,50
2008-07-21,23:35,0,0,0,0,0,0,0,0,0,0,0,0,53
2008-07-21,23:40,0,0,0,0,0,0,0,0,0,0,0,0,51
2008-07-21,23:45,0,0,0,0,0,0,0,0,0,0,0,0,49
2008-07-21,23:50,0,0,0,0,0,0,0,0,0,0,0,0,44
2008-07-21,23:55,0,0,0,0,0,0,0,0,0,0,0,2,38
2008-07-22,00:00,0,0,0,0,0,0,0,0,0,0,2,4,32
2008-07-22,00:05,0,0,0,0,0,0,0,0,0,1,2,0,32
2008-07-22,00:10,0,0,0,0,0,0,0,0,0,1,0,0,32
2008-07-22,00:15,0,0,0,0,0,0,0,0,0,0,0,0,30
2008-07-22,00:20,0,0,0,0,0,0,0,0,0,0,0,0,29
2008-07-22,00:25,0,0,0,0,0,0,0,0,0,0,0,4,22
2008-07-22,00:30,0,0,0,0,0,0,0,0,0,0,2,0,22
2008-07-22,00:35,0,0,0,0,0,0,0,0,0,1,0,0,21
2008-07-22,00:40,0,0,0,0,0,0,0,0,0,0,0,0,17
2008-07-22,00:45,0,0,0,0,0,0,0,0,0,0,0,0,16
2008-07-22,00:50,0,0,0,0,0,0,0,0,0,0,0,0,12
2008-07-22,00:55,0,0,0,0,0,0,0,0,0,0,0,0,9
2008-07-22,01:00,0,0,0,0,0,0,0,0,0,0,0,4,4
2008-07-22,01:05,0,0,0,0,0,0,0,0,0,0,2,0,5
2008-07-22,01:10,0,0,0,0,0,0,0,0,0,1,0,0,7
2008-07-22,01:15,0,0,0,0,0,0,0,0,0,0,0,0,9
2008-07-22,01:20,0,0,0,0,0,0,0,0,0,0,0,2,9
2008-07-22,01:25,0,0,0,0,0,0,0,0,0,0,4,0,11
2008-07-22,01:30,0,0,0,0,0,0,0,0,0,6,0,0,12
2008-07-22,01:35,0,0,0,0,0,0,0,0,7,0,0,0,14
2008-07-22,01:40,0,0,0,0,0,0,0,9,0,0,0,0,15
2008-07-22,01:45,0,0,0,0,0,0,12,0,0,0,0,0,15
2008-07-22,01:50,0,0,0,0,0,14,0,0,0,0,0,0,19
2008-07-22,01:55,0,0,0,0,16,0,0,0,0,0,0,0,21
2008-07-22,02:00,0,0,0,18,0,0,0,0,0,0,0,0,20
2008-07-22,02:05,0,0,16,0,0,0,0,0,0,0,0,0,25
2008-07-22,02:10,0,11,0,0,0,0,0,0,0,0,0,2,26
2008-07-22,02:15,5,0,0,0,0,0,0,0,0,0,0,0,29
2008-07-22,02:20,0,0,0,0,0,0,0,0,0,1,0,0,31
2008-07-22,02:25,0,0,0,0,0,0,0,0,0,0,0,0,35
2008-07-22,02:30,0,0,0,0,0,0,0,0,0,0,0,0,39
2008-07-22,02:35,0,0,0,0,0,0,0,0,0,0,0,0,39
2008-07-22,02:40,0,0,0,0,0,0,0,0,0,0,0,0,42
2008-07-22,02:45,0,0,0,0,0,0,0,0,0,0,0,3,39
2008-07-22,02:50,0,0,0,0,0,0,0,0,0,0,1,0,49
2008-07-22,02:55,0,0,0,0,0,0,0,0,0,1,0,4,41
2008-07-22,03:00,0,0,0,0,0,0,0,0,0,0,5,3,46
2008-07-22,03:05,0,0,0,0,0,0,0,0,0,4,5,0,50
2008-07-22,03:10,0,0,0,0,0,0,0,0,4,8,0,0,54
2008-07-22,03:15,0,0,0,0,0,0,0,4,9,0,0,2,59
2008-07-22,03:20,0,0,0,0,0,0,4,13,0,0,1,0,69
2008-07-22,03:25,0,0,0,0,0,3,16,0,0,1,0,5,74
2008-07-22,03:30,0,0,0,0,2,19,0,0,0,0,5,2,86
2008-07-22,03:35,0,0,0,2,22,0,0,0,0,6,1,17,91
2008-07-22,03:40,0,0,2,22,0,0,0,0,6,1,19,9,93
2008-07-22,03:45,0,1,22,0,0,0,0,9,0,21,9,0,111
2008-07-22,03:50,1,15,0,0,0,0,11,0,27,9,0,3,124
2008-07-22,03:55,7,0,0,0,0,14,0,28,9,0,3,9,125
2008-07-22,04:00,0,0,0,0,15,0,32,8,0,5,9,0,139
2008-07-22,04:05,0,0,0,16,0,37,7,0,7,9,0,3,142
2008-07-22,04:10,0,0,15,0,40,6,0,9,9,0,3,0,148
2008-07-22,04:15,0,11,0,39,5,0,11,8,0,2,0,1,149
2008-07-22,04:20,5,0,36,5,0,13,7,0,3,0,1,0,164
2008-07-22,04:25,0,25,3,0,15,6,0,3,0,1,0,7,175
2008-07-22,04:30,13,2,0,17,5,0,2,0,0,0,3,6,186
2008-07-22,04:35,2,0,15,5,0,2,0,0,0,3,6,0,201
2008-07-22,04:40,0,10,3,0,1,0,0,0,0,7,0,4,213
2008-07-22,04:45,5,2,0,2,0,0,0,0,7,0,6,3,227
2008-07-22,04:50,2,0,1,0,0,0,0,10,0,6,3,0,240
2008-07-22,04:55,0,0,0,0,0,0,11,0,6,4,0,6,237
2008-07-22,05:00,1,0,0,0,0,14,0,7,3,0,5,2,268
2008-07-22,05:05,0,0,0,0,16,0,9,3,0,7,1,6,286
2008-07-22,05:10,0,0,0,17,0,12,3,0,7,1,3,2,349
2008-07-22,05:15,0,0,16,0,13,2,0,10,0,3,1,5,463
2008-07-22,05:20,0,11,0,13,2,0,13,0,0,1,2,5,630
2008-07-22,05:25,5,0,13,1,0,15,0,0,0,2,5,6,799
2008-07-22,05:30,0,9,1,0,17,0,0,0,0,6,6,3,909
2008-07-22,05:35,4,1,0,19,0,0,0,0,7,7,1,6,853
2008-07-22,05:40,1,0,16,0,0,0,0,9,6,1,3,0,692
2008-07-22,05:45,0,13,0,0,0,0,11,8,0,4,0,12,498
2008-07-22,05:50,5,0,0,0,0,14,11,0,3,0,6,10,443
2008-07-22,05:55,0,0,0,0,15,12,0,2,0,4,4,10,512
2008-07-22,06:00,0,0,0,17,15,0,2,0,0,3,5,3,633
2008-07-22,06:05,0,0,15,15,0,2,0,0,0,5,1,12,717
2008-07-22,06:10,0,11,14,0,2,0,0,0,2,1,11,8,685
2008-07-22,06:15,5,11,0,1,0,0,0,3,0,9,7,4,591
2008-07-22,06:20,4,0,1,0,0,0,2,0,8,8,2,0,487
2008-07-22,06:25,0,0,0,0,0,1,0,7,8,4,0,10,466
2008-07-22,06:30,1,0,0,0,2,0,7,6,4,0,6,9,500
2008-07-22,06:35,0,0,0,1,0,5,7,4,0,6,8,7,527
2008-07-22,06:40,0,0,1,0,5,5,6,0,3,9,3,8,495
2008-07-22,06:45,0,0,0,3,4,7,0,2,8,3,6,4,390
2008-07-22,06:50,1,0,3,4,8,0,3,7,0,6,2,3,279
2008-07-22,06:55,0,2,2,8,0,2,7,0,5,1,1,11,200
2008-07-22,07:00,2,2,8,0,1,6,0,4,0,1,8,13,167
2008-07-22,07:05,2,6,0,2,4,0,4,0,0,8,9,0,161
2008-07-22,07:10,2,0,1,4,0,3,0,0,7,9,0,0,172
2008-07-22,07:15,0,0,3,0,3,0,0,9,8,0,0,15,163
2008-07-22,07:20,1,2,0,2,0,0,12,11,0,0,15,0,174
2008-07-22,07:25,2,0,2,0,0,14,14,0,0,14,0,3,197
2008-07-22,07:30,0,1,0,0,16,17,0,0,12,0,2,6,197
2008-07-22,07:35,1,0,0,16,19,0,0,11,0,1,5,2,198
2008-07-22,07:40,0,0,16,20,0,0,10,0,0,6,1,0,200
2008-07-22,07:45,0,11,19,0,0,8,0,0,7,1,0,6,194
2008-07-22,07:50,5,13,0,0,7,0,0,9,0,0,4,3,194
2008-07-22,07:55,6,0,0,6,0,0,11,0,0,2,4,11,183
2008-07-22,08:00,0,0,4,0,0,14,0,0,0,5,10,7,172
2008-07-22,08:05,0,3,0,0,15,0,0,0,8,13,3,7,167
2008-07-22,08:10,3,0,0,17,0,0,0,9,16,2,4,0,162
2008-07-22,08:15,0,0,15,0,0,0,11,17,0,2,0,0,153
2008-07-22,08:20,0,11,0,0,0,15,23,0,0,0,0,3,137
2008-07-22,08:25,5,0,0,0,16,26,0,0,0,0,2,0,130
2008-07-22,08:30,0,0,0,17,30,0,0,0,0,1,0,0,110
2008-07-22,08:35,0,0,16,31,0,0,0,0,0,0,0,2,98
2008-07-22,08:40,0,11,29,0,0,0,0,0,0,0,1,8,86
2008-07-22,08:45,5,20,0,0,0,0,0,0,0,1,5,11,77
2008-07-22,08:50,9,0,0,0,0,0,0,0,0,2,9,5,84
2008-07-22,08:55,0,0,0,0,0,0,0,0,1,4,3,0,99
2008-07-22,09:00,0,0,0,0,0,0,0,0,4,1,0,0,117
2008-07-22,09:05,0,0,0,0,0,0,0,2,1,0,0,4,127
2008-07-22,09:10,0,0,0,0,0,0,2,0,0,0,6,9,129
2008-07-22,09:15,0,0,0,0,0,2,0,0,0,7,9,0,135
2008-07-22,09:20,0,0,0,0,2,0,0,0,10,9,0,0,139
2008-07-22,09:25,0,0,0,1,0,0,0,13,9,0,0,3,136
2008-07-22,09:30,0,0,1,0,0,0,16,8,0,0,3,3,130
2008-07-22,09:35,0,0,0,0,0,20,7,0,0,3,2,0,126
2008-07-22,09:40,1,0,0,0,23,6,0,0,4,3,0,1,117
2008-07-22,09:45,0,0,0,24,5,0,0,2,2,0,1,2,111
2008-07-22,09:50,0,0,22,4,0,0,3,3,0,1,1,8,100
2008-07-22,09:55,0,16,3,0,0,2,4,0,0,1,3,3,111
2008-07-22,10:00,7,2,0,0,2,4,0,0,0,4,1,0,115
2008-07-22,10:05,2,0,0,1,5,0,0,0,0,1,0,7,122
2008-07-22,10:10,0,0,2,6,0,0,0,0,0,0,3,6,134
2008-07-22,10:15,0,0,5,0,0,0,0,0,0,3,5,0,157
2008-07-22,10:20,1,3,0,0,0,0,0,0,0,7,0,0,173
2008-07-22,10:25,2,0,0,0,0,0,0,0,8,0,0,6,177
2008-07-22,10:30,0,0,0,0,0,0,0,11,0,0,5,0,188
2008-07-22,10:35,0,0,0,0,0,0,13,0,0,8,0,2,188
2008-07-22,10:40,0,0,0,0,0,16,0,0,9,0,3,2,184
2008-07-22,10:45,0,0,0,0,18,0,0,11,0,4,1,4,181
2008-07-22,10:50,0,0,0,19,0,0,13,0,4,1,2,1,176
2008-07-22,10:55,0,0,18,0,0,14,0,7,0,2,1,5,178
2008-07-22,11:00,0,14,0,0,17,0,8,0,0,1,5,5,168
2008-07-22,11:05,5,0,0,17,0,9,0,0,0,4,3,3,169
2008-07-22,11:10,0,0,16,0,11,0,0,0,4,3,2,4,171
2008-07-22,11:15,0,11,0,12,0,0,0,3,0,2,2,14,153
2008-07-22,11:20,5,0,11,0,0,0,3,0,0,2,14,13,153
2008-07-22,11:25,0,8,0,0,0,2,0,0,2,15,11,4,153
2008-07-22,11:30,3,0,0,0,2,0,0,3,15,10,5,19,140
2008-07-22,11:35,0,0,0,2,0,0,3,16,7,7,20,14,128
2008-07-22,11:40,0,0,1,0,0,4,19,8,11,21,16,26,108
2008-07-22,11:45,0,1,0,0,4,19,6,12,20,15,21,0,109
2008-07-22,11:50,1,0,0,5,21,5,16,21,14,21,0,3,110
2008-07-22,11:55,0,0,4,19,5,20,22,13,16,0,5,2,103
2008-07-22,12:00,0,4,19,3,22,23,11,16,0,7,2,10,86
2008-07-22,12:05,1,13,3,23,23,10,13,0,8,4,9,2,74
2008-07-22,12:10,7,2,22,24,9,12,0,12,4,9,1,3,68
2008-07-22,12:15,2,17,21,6,10,0,14,6,9,1,2,5,61
2008-07-22,12:20,6,14,5,8,0,17,8,8,0,2,6,9,47
2008-07-22,12:25,8,4,6,0,20,8,8,0,0,7,5,3,50
2008-07-22,12:30,3,4,0,21,11,6,0,0,8,3,3,9,47
2008-07-22,12:35,4,0,19,11,5,0,0,8,0,3,7,0,50
2008-07-22,12:40,0,14,10,4,0,0,11,0,3,9,0,0,56
2008-07-22,12:45,6,7,4,0,0,12,0,2,10,0,0,0,59
2008-07-22,12:50,3,2,0,0,12,0,3,11,0,0,0,3,61
2008-07-22,12:55,2,0,0,14,0,2,14,0,0,0,4,0,60
2008-07-22,13:00,0,0,12,0,1,16,0,0,0,5,0,0,63
2008-07-22,13:05,0,8,0,2,18,0,0,0,6,0,0,2,63
2008-07-22,13:10,4,0,1,17,0,0,0,9,0,0,1,3,66
2008-07-22,13:15,0,0,17,0,0,0,11,0,0,1,1,10,64
2008-07-22,13:20,1,11,0,0,0,14,0,0,0,1,8,0,75
2008-07-22,13:25,6,0,0,0,15,0,0,0,0,9,0,0,86
2008-07-22,13:30,0,0,0,16,0,0,0,0,6,0,0,0,97
2008-07-22,13:35,0,0,15,0,0,0,0,6,0,0,0,0,101
2008-07-22,13:40,0,11,0,0,0,0,6,0,0,0,0,3,108
2008-07-22,13:45,5,0,0,0,0,5,0,0,0,0,1,0,115
2008-07-22,13:50,0,0,0,0,4,0,0,0,0,1,0,0,119
2008-07-22,13:55,0,0,0,3,0,0,0,0,0,0,0,9,115
2008-07-22,14:00,0,0,2,0,0,0,0,0,0,0,10,3,121
2008-07-22,14:05,0,2,0,0,0,0,0,0,0,9,4,8,123
2008-07-22,14:10,2,0,0,0,0,0,0,0,9,5,5,10,128
2008-07-22,14:15,0,0,0,0,0,0,0,8,6,6,11,8,150
2008-07-22,14:20,0,0,0,0,0,0,8,9,5,10,5,3,197
2008-07-22,14:25,0,0,0,0,0,6,11,7,10,4,3,0,242
2008-07-22,14:30,0,0,0,0,5,14,8,9,3,5,0,3,267
2008-07-22,14:35,0,0,0,4,15,10,7,2,7,0,5,3,259
2008-07-22,14:40,0,0,4,16,11,7,2,9,0,6,1,3,216
2008-07-22,14:45,0,2,15,12,6,2,11,0,8,1,2,3,171
2008-07-22,14:50,2,11,11,5,2,13,0,11,0,3,1,2,147
2008-07-22,14:55,5,9,3,1,15,0,14,0,2,1,1,4,153
2008-07-22,15:00,3,3,1,17,0,17,0,3,0,1,2,11,168
2008-07-22,15:05,2,0,15,0,19,0,4,0,0,1,11,0,218
2008-07-22,15:10,1,10,0,21,0,4,0,0,0,12,0,0,269
2008-07-22,15:15,5,0,19,0,5,0,0,0,11,0,0,3,296
2008-07-22,15:20,0,13,0,6,0,0,0,10,0,0,1,2,291
2008-07-22,15:25,6,0,5,0,0,0,9,0,0,1,1,4,252
2008-07-22,15:30,0,3,0,0,0,7,0,0,0,1,2,6,204
2008-07-22,15:35,2,0,0,0,7,0,0,0,0,1,5,4,183
2008-07-22,15:40,0,0,0,5,0,0,0,0,0,6,3,1,167
2008-07-22,15:45,0,0,4,0,0,0,0,0,8,4,1,7,163
2008-07-22,15:50,0,3,0,0,0,0,0,9,3,2,6,0,166
2008-07-22,15:55,2,0,0,0,0,0,11,3,3,5,0,9,164
2008-07-22,16:00,0,0,0,0,0,15,3,4,5,0,6,8,171
2008-07-22,16:05,0,0,0,0,16,3,4,4,0,7,5,0,174
2008-07-22,16:10,0,0,0,17,2,6,3,0,7,4,0,2,191
2008-07-22,16:15,0,0,16,1,6,4,0,8,4,0,1,1,192
2008-07-22,16:20,0,11,1,6,2,0,11,5,0,1,1,2,202
2008-07-22,16:25,5,1,7,2,0,13,6,0,0,1,1,4,199
2008-07-22,16:30,1,4,2,0,15,7,0,0,0,1,2,3,205
2008-07-22,16:35,2,1,0,15,8,0,0,0,0,2,4,1,208
2008-07-22,16:40,1,0,15,9,0,0,0,0,0,4,1,1,206
2008-07-22,16:45,0,11,8,0,0,0,0,0,5,1,1,6,196
2008-07-22,16:50,4,6,0,0,0,0,0,6,0,1,2,1,197
2008-07-22,16:55,2,0,0,0,0,0,8,0,0,3,1,1,189
2008-07-22,17:00,0,0,0,0,0,10,0,0,0,1,1,6,173
2008-07-22,17:05,0,0,0,0,11,0,0,0,0,1,3,4,165
2008-07-22,17:10,0,0,0,11,0,0,0,0,0,3,2,2,154
2008-07-22,17:15,0,0,11,0,0,0,0,0,0,1,1,4,150
2008-07-22,17:20,0,8,0,0,0,0,0,0,0,1,2,9,136
2008-07-22,17:25,3,0,0,0,0,0,0,0,0,2,8,5,132
2008-07-22,17:30,0,0,0,0,0,0,0,0,0,8,6,6,126
2008-07-22,17:35,0,0,0,0,0,0,0,0,7,6,9,2,122
2008-07-22,17:40,0,0,0,0,0,0,0,9,7,12,1,5,119
2008-07-22,17:45,0,0,0,0,0,0,12,8,14,1,3,1,125
2008-07-22,17:50,0,0,0,0,0,14,12,17,0,2,1,0,130
2008-07-22,17:55,0,0,0,0,16,13,24,0,0,1,0,6,129
2008-07-22,18:00,0,0,0,16,16,28,0,0,0,0,4,11,128
2008-07-22,18:05,0,0,16,16,32,0,0,0,0,4,8,0,135
2008-07-22,18:10,0,11,15,33,0,0,0,0,2,8,0,1,146
2008-07-22,18:15,5,11,31,0,0,0,0,3,6,0,1,3,152
2008-07-22,18:20,5,23,0,0,0,0,2,5,0,1,1,2,161
2008-07-22,18:25,10,0,0,0,0,1,5,0,0,1,1,2,163
2008-07-22,18:30,0,0,0,0,2,4,0,0,0,1,1,3,168
2008-07-22,18:35,0,0,0,1,3,0,0,0,0,1,4,3,160
2008-07-22,18:40,0,0,1,3,0,0,0,0,0,5,4,0,151
2008-07-22,18:45,0,0,2,0,0,0,0,0,8,4,0,3,135
2008-07-22,18:50,1,2,0,0,0,0,0,9,3,0,1,7,122
2008-07-22,18:55,1,0,0,0,0,0,12,3,0,1,4,0,116
2008-07-22,19:00,0,0,0,0,0,15,3,0,0,2,0,8,102
2008-07-22,19:05,0,0,0,0,17,2,0,0,0,0,4,5,102
2008-07-22,19:10,0,0,0,18,2,0,0,0,0,2,8,9,93
2008-07-22,19:15,0,0,16,2,0,0,0,0,1,8,5,0,93
2008-07-22,19:20,0,12,1,0,0,0,0,0,13,2,0,0,96
2008-07-22,19:25,5,1,0,0,0,0,0,17,1,0,0,5,88
2008-07-22,19:30,1,0,0,0,0,0,22,0,0,0,2,0,94
2008-07-22,19:35,0,0,0,0,0,26,0,0,0,2,0,0,89
2008-07-22,19:40,0,0,0,0,29,0,0,0,0,0,0,3,84
2008-07-22,19:45,0,0,0,31,0,0,0,0,0,0,2,0,82
2008-07-22,19:50,0,0,29,0,0,0,0,0,0,1,0,3,72
2008-07-22,19:55,0,22,0,0,0,0,0,0,0,0,1,2,62
2008-07-22,20:00,8,0,0,0,0,0,0,0,0,1,1,0,57
2008-07-22,20:05,0,0,0,0,0,0,0,0,0,1,0,3,42
2008-07-22,20:10,0,0,0,0,0,0,0,0,0,0,4,0,32
2008-07-22,20:15,0,0,0,0,0,0,0,0,0,5,0,2,20
2008-07-22,20:20,0,0,0,0,0,0,0,0,6,0,1,7,6
2008-07-22,20:25,0,0,0,0,0,0,0,9,0,1,3,2,3
2008-07-22,20:30,0,0,0,0,0,0,11,0,0,2,1,1,2
2008-07-22,20:35,0,0,0,0,0,14,0,0,1,1,1,0,4
2008-07-22,20:40,0,0,0,0,15,0,0,0,0,0,0,0,4
2008-07-22,20:45,0,0,0,16,0,0,0,0,0,0,0,0,6
2008-07-22,20:50,0,0,15,0,0,0,0,0,0,0,0,0,7
2008-07-22,20:55,0,11,0,0,0,0,0,0,0,0,0,0,10
2008-07-22,21:00,5,0,0,0,0,0,0,0,0,0,0,0,11
2008-07-22,21:05,0,0,0,0,0,0,0,0,0,0,0,0,13
2008-07-22,21:10,0,0,0,0,0,0,0,0,0,0,0,2,11
2008-07-22,21:15,0,0,0,0,0,0,0,0,0,0,4,0,12
2008-07-22,21:20,0,0,0,0,0,0,0,0,0,6,0,0,11
2008-07-22,21:25,0,0,0,0,0,0,0,0,7,0,0,0,11
2008-07-22,21:30,0,0,0,0,0,0,0,9,0,0,0,0,9
2008-07-22,21:35,0,0,0,0,0,0,12,0,0,0,0,0,7
2008-07-22,21:40,0,0,0,0,0,15,0,0,0,0,0,0,6
2008-07-22,21:45,0,0,0,0,16,0,0,0,0,0,0,0,3
2008-07-22,21:50,0,0,0,17,0,0,0,0,0,0,0,2,0
2008-07-22,21:55,0,0,16,0,0,0,0,0,0,0,1,0,0
2008-07-22,22:00,0,12,0,0,0,0,0,0,0,1,0,0,0
2008-07-22,22:05,5,0,0,0,0,0,0,0,0,0,0,0,7
2008-07-22,22:10,0,0,0,0,0,0,0,0,0,0,0,0,9
2008-07-22,22:15,0,0,0,0,0,0,0,0,0,0,0,0,8
2008-07-22,22:20,0,0,0,0,0,0,0,0,0,0,0,0,11
2008-07-22,22:25,0,0,0,0,0,0,0,0,0,0,0,0,12
2008-07-22,22:30,0,0,0,0,0,0,0,0,0,0,0,0,12
2008-07-22,22:35,0,0,0,0,0,0,0,0,0,0,0,0,13
2008-07-22,22:40,0,0,0,0,0,0,0,0,0,0,0,0,15
2008-07-22,22:45,0,0,0,0,0,0,0,0,0,0,0,0,15
2008-07-22,22:50,0,0,0,0,0,0,0,0,0,0,0,0,17
2008-07-22,22:55,0,0,0,0,0,0,0,0,0,0,0,0,15
2008-07-22,23:00,0,0,0,0,0,0,0,0,0,0,0,0,17
2008-07-22,23:05,0,0,0,0,0,0,0,0,0,0,0,0,16
2008-07-22,23:10,0,0,0,0,0,0,0,0,0,0,0,0,16
2008-07-22,23:15,0,0,0,0,0,0,0,0,0,0,0,0,14
2008-07-22,23:20,0,0,0,0,0,0,0,0,0,0,0,0,14
2008-07-22,23:25,0,0,0,0,0,0,0,0,0,0,0,0,10
2008-07-22,23:30,0,0,0,0,0,0,0,0,0,0,0,1,7
2008-07-22,23:35,0,0,0,0,0,0,0,0,0,0,1,0,6
2008-07-22,23:40,0,0,0,0,0,0,0,0,0,0,0,0,3
2008-07-22,23:45,0,0,0,0,0,0,0,0,0,0,0,2,3
2008-07-22,23:50,0,0,0,0,0,0,0,0,0,0,1,0,4
2008-07-22,23:55,0,0,0,0,0,0,0,0,0,1,0,0,8
2008-07-23,00:00,0,0,0,0,0,0,0,0,0,0,0,0,12
2008-07-23,00:05,0,0,0,0,0,0,0,0,0,0,0,0,15
2008-07-23,00:10,0,0,0,0,0,0,0,0,0,0,0,0,19
2008-07-23,00:15,0,0,0,0,0,0,0,0,0,0,0,0,24
2008-07-23,00:20,0,0,0,0,0,0,0,0,0,0,0,0,28
2008-07-23,00:25,0,0,0,0,0,0,0,0,0,0,0,0,34
2008-07-23,00:30,0,0,0,0,0,0,0,0,0,0,0,0,37
2008-07-23,00:35,0,0,0,0,0,0,0,0,0,0,0,0,39
2008-07-23,00:40,0,0,0,0,0,0,0,0,0,0,0,0,41
2008-07-23,00:45,0,0,0,0,0,0,0,0,0,0,0,0,42
2008-07-23,00:50,0,0,0,0,0,0,0,0,0,0,0,0,38
2008-07-23,00:55,0,0,0,0,0,0,0,0,0,0,0,0,35
2008-07-23,01:00,0,0,0,0,0,0,0,0,0,0,0,0,29
2008-07-23,01:05,0,0,0,0,0,0,0,0,0,0,0,0,26
2008-07-23,01:10,0,0,0,0,0,0,0,0,0,0,0,4,19
2008-07-23,01:15,0,0,0,0,0,0,0,0,0,0,2,0,17
2008-07-23,01:20,0,0,0,0,0,0,0,0,0,1,0,4,13
2008-07-23,01:25,0,0,0,0,0,0,0,0,0,0,2,0,15
2008-07-23,01:30,0,0,0,0,0,0,0,0,0,1,0,0,19
2008-07-23,01:35,0,0,0,0,0,0,0,0,0,0,0,0,19
2008-07-23,01:40,0,0,0,0,0,0,0,0,0,0,0,0,20
2008-07-23,01:45,0,0,0,0,0,0,0,0,0,0,0,0,24
2008-07-23,01:50,0,0,0,0,0,0,0,0,0,0,0,0,24
2008-07-23,01:55,0,0,0,0,0,0,0,0,0,0,0,0,28
2008-07-23,02:00,0,0,0,0,0,0,0,0,0,0,0,0,29
2008-07-23,02:05,0,0,0,0,0,0,0,0,0,0,0,0,33
2008-07-23,02:10,0,0,0,0,0,0,0,0,0,0,0,2,35
2008-07-23,02:15,0,0,0,0,0,0,0,0,0,0,1,0,42
2008-07-23,02:20,0,0,0,0,0,0,0,0,0,1,0,0,46
2008-07-23,02:25,0,0,0,0,0,0,0,0,0,0,0,0,57
2008-07-23,02:30,0,0,0,0,0,0,0,0,0,0,0,2,61
2008-07-23,02:35,0,0,0,0,0,0,0,0,0,0,1,0,74
2008-07-23,02:40,0,0,0,0,0,0,0,0,0,1,0,0,86
2008-07-23,02:45,0,0,0,0,0,0,0,0,0,0,0,0,92
2008-07-23,02:50,0,0,0,0,0,0,0,0,0,0,0,0,99
2008-07-23,02:55,0,0,0,0,0,0,0,0,0,0,0,4,100
2008-07-23,03:00,0,0,0,0,0,0,0,0,0,0,5,4,106
2008-07-23,03:05,0,0,0,0,0,0,0,0,0,5,5,0,105
2008-07-23,03:10,0,0,0,0,0,0,0,0,5,7,0,2,113
2008-07-23,03:15,0,0,0,0,0,0,0,4,9,0,1,3,117
2008-07-23,03:20,0,0,0,0,0,0,4,12,0,1,1,3,127
2008-07-23,03:25,0,0,0,0,0,3,14,0,0,1,1,4,131
2008-07-23,03:30,0,0,0,0,3,19,0,0,0,1,3,3,147
2008-07-23,03:35,0,0,0,2,20,0,0,0,0,5,1,7,148
2008-07-23,03:40,0,0,2,22,0,0,0,0,4,1,11,9,154
2008-07-23,03:45,0,1,20,0,0,0,0,6,0,13,9,3,156
2008-07-23,03:50,1,16,0,0,0,0,8,0,17,9,1,3,163
2008-07-23,03:55,6,0,0,0,0,9,0,20,9,1,3,0,175
2008-07-23,04:00,0,0,0,0,10,0,25,8,0,5,0,4,176
2008-07-23,04:05,0,0,0,11,0,31,7,0,7,0,2,8,174
2008-07-23,04:10,0,0,10,0,33,6,0,9,0,2,5,0,182
2008-07-23,04:15,0,8,0,35,5,0,11,0,0,5,0,2,192
2008-07-23,04:20,3,0,32,4,0,13,0,0,2,0,1,0,197
2008-07-23,04:25,0,23,3,0,15,0,0,3,0,1,0,7,211
2008-07-23,04:30,11,2,0,16,0,0,2,0,0,0,3,10,216
2008-07-23,04:35,2,0,15,0,0,2,0,0,0,3,9,3,226
2008-07-23,04:40,0,11,0,0,1,0,0,0,0,11,1,4,250
2008-07-23,04:45,4,0,0,2,0,0,0,0,14,1,3,3,253
2008-07-23,04:50,0,0,1,0,0,0,0,16,0,4,4,2,275
2008-07-23,04:55,0,0,0,0,0,0,21,0,3,3,1,5,273
2008-07-23,05:00,1,0,0,0,0,27,0,4,3,1,6,3,285
2008-07-23,05:05,0,0,0,0,29,0,4,2,0,8,1,3,291
2008-07-23,05:10,0,0,0,31,0,6,2,0,8,1,2,1,294
2008-07-23,05:15,0,0,29,0,6,2,0,12,0,2,1,6,290
2008-07-23,05:20,0,20,0,6,2,0,14,0,0,1,2,5,286
2008-07-23,05:25,9,0,7,1,0,17,0,0,0,3,5,7,283
2008-07-23,05:30,0,4,1,0,20,0,0,0,0,5,6,5,271
2008-07-23,05:35,2,0,0,21,0,0,0,0,7,7,2,11,251
2008-07-23,05:40,1,0,19,0,0,0,0,8,5,2,5,0,258
2008-07-23,05:45,0,14,0,0,0,0,10,6,0,6,0,8,238
2008-07-23,05:50,6,0,0,0,0,12,8,0,2,0,4,10,229
2008-07-23,05:55,0,0,0,0,15,10,0,3,0,3,5,5,221
2008-07-23,06:00,0,0,0,15,11,0,2,0,0,4,4,0,217
2008-07-23,06:05,0,0,14,12,0,1,0,0,0,3,0,19,190
2008-07-23,06:10,0,10,11,0,2,0,0,0,3,0,14,9,173
2008-07-23,06:15,4,8,0,1,0,0,0,2,0,11,9,5,159
2008-07-23,06:20,3,0,1,0,0,0,2,0,8,9,3,3,153
2008-07-23,06:25,0,0,0,0,0,1,0,8,7,3,1,8,138
2008-07-23,06:30,1,0,0,0,2,0,6,7,4,1,5,14,116
2008-07-23,06:35,0,0,0,1,0,6,6,5,0,5,12,3,115
2008-07-23,06:40,0,0,1,0,4,6,6,0,3,11,2,9,109
2008-07-23,06:45,0,1,0,4,4,7,0,2,7,2,6,6,112
2008-07-23,06:50,0,0,3,4,8,0,3,8,0,7,2,18,101
2008-07-23,06:55,0,2,2,9,0,2,6,0,4,2,17,3,111
2008-07-23,07:00,2,2,8,0,1,5,0,4,0,17,4,3,107
2008-07-23,07:05,2,6,0,2,5,0,4,0,17,5,4,5,106
2008-07-23,07:10,2,0,1,3,0,3,0,14,7,5,2,0,114
2008-07-23,07:15,0,0,3,0,2,0,14,9,6,2,0,11,100
2008-07-23,07:20,1,2,0,2,0,12,11,9,0,0,12,4,102
2008-07-23,07:25,2,0,2,0,9,14,11,0,0,11,2,0,97
2008-07-23,07:30,0,1,0,8,15,14,0,0,12,1,0,3,93
2008-07-23,07:35,1,0,6,17,15,0,0,10,0,0,4,0,90
2008-07-23,07:40,0,4,15,16,0,0,9,0,0,5,0,4,80
2008-07-23,07:45,4,11,15,0,0,8,0,0,7,0,2,3,73
2008-07-23,07:50,5,11,0,0,7,0,0,8,0,2,2,7,72
2008-07-23,07:55,5,0,0,6,0,0,12,0,0,1,5,8,65
2008-07-23,08:00,0,0,4,0,0,13,0,0,0,7,8,5,64
2008-07-23,08:05,0,2,0,0,16,0,0,0,7,11,2,0,69
2008-07-23,08:10,3,0,0,16,0,0,0,10,15,2,0,0,68
2008-07-23,08:15,0,0,15,0,0,0,12,17,0,0,0,5,66
2008-07-23,08:20,0,11,0,0,0,14,20,0,0,0,3,0,70
2008-07-23,08:25,5,0,0,0,17,25,0,0,0,3,0,0,75
2008-07-23,08:30,0,0,0,17,27,0,0,0,2,0,0,0,72
2008-07-23,08:35,0,0,16,28,0,0,0,3,0,0,0,2,69
2008-07-23,08:40,0,12,26,0,0,0,2,0,0,0,1,0,78
2008-07-23,08:45,5,18,0,0,0,1,0,0,0,1,0,9,70
2008-07-23,08:50,9,0,0,0,2,0,0,0,0,0,7,2,79
2008-07-23,08:55,0,0,0,1,0,0,0,0,0,6,1,0,95
2008-07-23,09:00,0,0,1,0,0,0,0,0,3,1,0,0,106
2008-07-23,09:05,0,0,0,0,0,0,0,3,0,0,0,3,115
2008-07-23,09:10,1,0,0,0,0,0,3,0,0,0,4,0,132
2008-07-23,09:15,0,0,0,0,0,2,0,0,0,5,0,0,140
2008-07-23,09:20,0,0,0,0,2,0,0,0,7,0,0,0,149
2008-07-23,09:25,0,0,0,1,0,0,0,9,0,0,0,0,162
2008-07-23,09:30,0,0,1,0,0,0,11,0,0,0,0,15,155
2008-07-23,09:35,0,1,0,0,0,14,0,0,0,0,13,0,159
2008-07-23,09:40,1,0,0,0,16,0,0,0,0,13,0,0,169
2008-07-23,09:45,0,0,0,17,0,0,0,0,11,0,0,4,179
2008-07-23,09:50,0,0,15,0,0,0,0,12,0,0,2,6,176
2008-07-23,09:55,0,11,0,0,0,0,11,0,0,4,3,5,186
2008-07-23,10:00,5,0,0,0,0,10,0,0,2,3,2,0,203
2008-07-23,10:05,0,0,0,0,11,0,0,3,0,2,0,4,206
2008-07-23,10:10,0,0,0,9,0,0,2,0,0,0,2,3,217
2008-07-23,10:15,0,0,7,0,0,1,0,0,0,2,3,0,227
2008-07-23,10:20,0,7,0,0,2,0,0,0,0,4,0,6,215
2008-07-23,10:25,3,0,0,1,0,0,0,0,6,0,2,3,217
2008-07-23,10:30,0,0,1,0,0,0,0,7,0,2,4,1,211
2008-07-23,10:35,0,0,0,0,0,0,10,0,0,5,1,10,194
2008-07-23,10:40,1,0,0,0,0,12,0,0,7,1,6,2,190
2008-07-23,10:45,0,0,0,0,13,0,0,8,0,8,1,7,182
2008-07-23,10:50,0,0,0,14,0,0,12,0,7,1,2,3,180
2008-07-23,10:55,0,0,13,0,0,13,0,9,0,3,2,8,173
2008-07-23,11:00,0,9,0,0,16,0,11,0,0,2,5,4,180
2008-07-23,11:05,4,0,0,16,0,13,0,0,0,6,2,3,181
2008-07-23,11:10,0,0,15,0,15,0,0,0,3,2,3,1,199
2008-07-23,11:15,0,11,0,17,0,0,0,3,0,3,1,22,180
2008-07-23,11:20,5,0,15,0,0,0,3,0,0,1,22,12,178
2008-07-23,11:25,0,10,0,0,0,3,0,0,2,24,11,5,195
2008-07-23,11:30,5,0,0,0,2,0,0,3,24,10,5,17,187
2008-07-23,11:35,0,0,0,1,0,0,3,23,8,8,17,11,185
2008-07-23,11:40,0,0,1,0,0,4,24,8,9,19,9,23,175
2008-07-23,11:45,0,1,0,0,4,26,6,12,19,10,19,0,177
2008-07-23,11:50,1,0,0,5,25,6,14,21,8,20,0,3,174
2008-07-23,11:55,0,0,4,24,4,17,20,7,16,0,5,0,172
2008-07-23,12:00,0,4,22,4,20,22,6,15,0,6,0,13,150
2008-07-23,12:05,1,15,3,21,23,6,14,0,9,0,11,5,139
2008-07-23,12:10,9,2,19,21,4,12,0,11,0,10,3,8,128
2008-07-23,12:15,2,15,20,4,10,0,14,0,10,2,7,5,120
2008-07-23,12:20,6,14,3,8,0,17,0,8,0,8,4,4,116
2008-07-23,12:25,7,2,6,0,20,0,8,0,9,4,2,7,107
2008-07-23,12:30,2,4,0,20,0,6,0,11,5,2,5,12,100
2008-07-23,12:35,4,0,19,0,6,0,14,6,0,4,8,0,102
2008-07-23,12:40,0,14,0,4,0,18,8,0,2,10,0,0,102
2008-07-23,12:45,6,0,4,0,19,9,0,3,10,0,0,10,91
2008-07-23,12:50,0,2,0,21,11,0,2,12,0,0,9,6,85
2008-07-23,12:55,2,0,19,12,0,2,13,0,0,9,5,3,83
2008-07-23,13:00,0,14,10,0,1,16,0,0,9,6,1,5,82
2008-07-23,13:05,6,8,0,2,18,0,0,8,7,1,2,3,84
2008-07-23,13:10,3,0,1,18,0,0,8,9,0,2,1,0,92
2008-07-23,13:15,0,0,17,0,0,6,11,0,0,1,0,5,88
2008-07-23,13:20,1,11,0,0,5,14,0,0,0,0,7,3,89
2008-07-23,13:25,6,0,0,4,16,0,0,0,0,6,1,12,73
2008-07-23,13:30,0,0,4,17,0,0,0,0,6,1,12,0,78
2008-07-23,13:35,0,2,15,0,0,0,0,5,0,12,0,3,75
2008-07-23,13:40,2,11,0,0,0,0,5,0,12,0,1,0,71
2008-07-23,13:45,5,0,0,0,0,4,0,10,0,1,0,2,66
2008-07-23,13:50,0,0,0,0,4,0,9,0,0,0,1,3,63
2008-07-23,13:55,0,0,0,3,0,8,0,0,0,1,1,0,63
2008-07-23,14:00,0,0,2,0,7,0,0,0,0,1,0,2,61
2008-07-23,14:05,0,1,0,5,0,0,0,0,0,0,1,4,63
2008-07-23,14:10,2,0,5,0,0,0,0,0,0,1,4,0,67
2008-07-23,14:15,0,3,0,0,0,0,0,0,0,5,0,6,67
2008-07-23,14:20,2,0,0,0,0,0,0,0,4,0,3,3,73
2008-07-23,14:25,0,0,0,0,0,0,0,7,0,4,5,2,79
2008-07-23,14:30,0,0,0,0,0,0,8,0,2,6,1,3,87
2008-07-23,14:35,0,0,0,0,0,9,0,3,8,1,4,3,104
2008-07-23,14:40,0,0,0,0,11,0,2,10,0,6,1,1,112
2008-07-23,14:45,0,0,0,12,0,1,13,0,8,1,1,0,129
2008-07-23,14:50,0,0,11,0,2,16,0,10,0,1,0,0,135
2008-07-23,14:55,0,8,0,1,18,0,12,0,3,0,0,2,151
2008-07-23,15:00,3,0,1,19,0,15,0,2,0,0,2,0,158
2008-07-23,15:05,0,0,18,0,18,0,4,0,0,1,0,0,168
2008-07-23,15:10,1,13,0,18,0,4,0,0,0,0,0,0,175
2008-07-23,15:15,5,0,17,0,5,0,0,0,0,0,0,2,174
2008-07-23,15:20,0,13,0,5,0,0,0,0,0,0,2,0,186
2008-07-23,15:25,5,0,4,0,0,0,0,0,0,1,0,7,182
2008-07-23,15:30,0,4,0,0,0,0,0,0,0,0,3,6,184
2008-07-23,15:35,1,0,0,0,0,0,0,0,0,2,5,5,180
2008-07-23,15:40,0,0,0,0,0,0,0,0,0,7,5,3,190
2008-07-23,15:45,0,0,0,0,0,0,0,0,7,5,2,8,180
2008-07-23,15:50,0,0,0,0,0,0,0,10,3,2,6,0,198
2008-07-23,15:55,0,0,0,0,0,0,12,3,2,6,0,8,189
2008-07-23,16:00,0,0,0,0,0,15,3,3,4,0,7,7,194
2008-07-23,16:05,0,0,0,0,17,2,3,5,0,7,6,0,198
2008-07-23,16:10,0,0,0,18,2,4,3,0,7,5,0,5,206
2008-07-23,16:15,0,0,17,2,4,3,0,9,3,0,5,2,208
2008-07-23,16:20,0,12,1,5,3,0,11,5,0,6,1,3,211
2008-07-23,16:25,5,1,4,2,0,13,5,0,7,1,2,3,205
2008-07-23,16:30,1,4,2,0,15,7,0,8,0,2,2,3,206
2008-07-23,16:35,1,1,0,17,8,0,12,0,0,2,3,7,197
2008-07-23,16:40,1,0,15,8,0,13,0,0,0,5,7,4,186
2008-07-23,16:45,0,10,8,0,16,0,0,0,4,9,2,5,179
2008-07-23,16:50,5,6,0,16,0,0,0,6,11,2,2,5,174
2008-07-23,16:55,2,0,15,0,0,0,8,11,0,3,2,1,168
2008-07-23,17:00,0,11,0,0,0,8,13,0,0,2,1,4,159
2008-07-23,17:05,5,0,0,0,11,17,0,0,0,1,2,4,151
2008-07-23,17:10,0,0,0,11,18,0,0,0,0,2,2,2,143
2008-07-23,17:15,0,0,10,18,0,0,0,0,0,1,0,4,137
2008-07-23,17:20,0,7,17,0,0,0,0,0,0,1,2,7,122
2008-07-23,17:25,3,11,0,0,0,0,0,0,0,2,7,6,123
2008-07-23,17:30,6,0,0,0,0,0,0,0,0,8,5,5,112
2008-07-23,17:35,0,0,0,0,0,0,0,0,8,6,8,2,113
2008-07-23,17:40,0,0,0,0,0,0,0,10,6,10,1,6,104
2008-07-23,17:45,0,0,0,0,0,0,13,9,12,1,3,1,104
2008-07-23,17:50,0,0,0,0,0,15,11,15,0,3,1,0,107
2008-07-23,17:55,0,0,0,0,17,14,19,0,0,1,0,4,107
2008-07-23,18:00,0,0,0,19,15,24,0,0,0,0,4,14,98
2008-07-23,18:05,0,0,17,16,27,0,0,0,0,3,11,0,104
2008-07-23,18:10,0,13,15,29,0,0,0,0,3,10,0,2,105
2008-07-23,18:15,5,11,26,0,0,0,0,2,9,0,2,0,109
2008-07-23,18:20,5,19,0,0,0,0,2,8,0,2,0,1,104
2008-07-23,18:25,8,0,0,0,0,2,6,0,0,0,1,2,105
2008-07-23,18:30,0,0,0,0,2,6,0,0,0,1,1,1,113
2008-07-23,18:35,0,0,0,1,6,0,0,0,0,1,1,3,107
2008-07-23,18:40,0,0,1,3,0,0,0,0,0,1,4,3,96
2008-07-23,18:45,0,0,4,0,0,0,0,0,2,4,1,0,95
2008-07-23,18:50,1,2,0,0,0,0,0,3,3,1,0,8,84
2008-07-23,18:55,2,0,0,0,0,0,3,3,0,0,4,0,83
2008-07-23,19:00,0,0,0,0,0,4,3,0,0,3,0,3,83
2008-07-23,19:05,0,0,0,0,4,2,0,0,3,0,1,6,79
2008-07-23,19:10,0,0,0,5,2,0,0,2,0,1,8,6,76
2008-07-23,19:15,0,0,4,2,0,0,4,0,0,11,3,0,77
2008-07-23,19:20,0,4,1,0,0,4,0,0,15,2,0,0,79
2008-07-23,19:25,1,1,0,0,5,0,0,19,0,0,0,5,76
2008-07-23,19:30,1,0,0,5,0,0,23,0,0,0,2,0,77
2008-07-23,19:35,0,0,4,0,0,29,0,0,0,2,0,0,75
2008-07-23,19:40,0,4,0,0,34,0,0,0,0,0,0,0,71
2008-07-23,19:45,1,0,0,35,0,0,0,0,0,0,0,0,66
2008-07-23,19:50,0,0,32,0,0,0,0,0,0,0,0,0,61
2008-07-23,19:55,0,24,0,0,0,0,0,0,0,0,0,7,44
2008-07-23,20:00,10,0,0,0,0,0,0,0,0,0,3,2,40
2008-07-23,20:05,0,0,0,0,0,0,0,0,0,3,1,4,36
2008-07-23,20:10,0,0,0,0,0,0,0,0,0,1,4,0,33
2008-07-23,20:15,0,0,0,0,0,0,0,0,0,6,0,2,27
2008-07-23,20:20,0,0,0,0,0,0,0,0,8,0,1,0,27
2008-07-23,20:25,0,0,0,0,0,0,0,11,0,1,0,5,22
2008-07-23,20:30,0,0,0,0,0,0,13,0,0,0,2,0,23
2008-07-23,20:35,0,0,0,0,0,16,0,0,0,2,0,0,24
2008-07-23,20:40,0,0,0,0,18,0,0,0,0,0,0,0,26
2008-07-23,20:45,0,0,0,19,0,0,0,0,0,0,0,0,24
2008-07-23,20:50,0,0,18,0,0,0,0,0,0,0,0,0,23
2008-07-23,20:55,0,14,0,0,0,0,0,0,0,0,0,0,22
2008-07-23,21:00,5,0,0,0,0,0,0,0,0,0,0,0,18
2008-07-23,21:05,0,0,0,0,0,0,0,0,0,0,0,3,14
2008-07-23,21:10,0,0,0,0,0,0,0,0,0,0,1,0,12
2008-07-23,21:15,0,0,0,0,0,0,0,0,0,1,0,0,12
2008-07-23,21:20,0,0,0,0,0,0,0,0,0,0,0,3,6
2008-07-23,21:25,0,0,0,0,0,0,0,0,0,0,5,0,4
2008-07-23,21:30,0,0,0,0,0,0,0,0,0,7,0,3,0
2008-07-23,21:35,0,0,0,0,0,0,0,0,10,0,1,0,0
2008-07-23,21:40,0,0,0,0,0,0,0,12,0,1,0,0,0
2008-07-23,21:45,0,0,0,0,0,0,15,0,0,0,0,0,0
2008-07-23,21:50,0,0,0,0,0,19,0,0,0,0,0,0,0
2008-07-23,21:55,0,0,0,0,21,0,0,0,0,0,0,0,2
2008-07-23,22:00,0,0,0,23,0,0,0,0,0,0,0,0,4
2008-07-23,22:05,0,0,20,0,0,0,0,0,0,0,0,0,4
2008-07-23,22:10,0,16,0,0,0,0,0,0,0,0,0,0,7
2008-07-23,22:15,6,0,0,0,0,0,0,0,0,0,0,0,7
2008-07-23,22:20,0,0,0,0,0,0,0,0,0,0,0,0,10
2008-07-23,22:25,0,0,0,0,0,0,0,0,0,0,0,0,17
2008-07-23,22:30,0,0,0,0,0,0,0,0,0,0,0,0,20
2008-07-23,22:35,0,0,0,0,0,0,0,0,0,0,0,0,22
2008-07-23,22:40,0,0,0,0,0,0,0,0,0,0,0,0,22
2008-07-23,22:45,0,0,0,0,0,0,0,0,0,0,0,0,24
2008-07-23,22:50,0,0,0,0,0,0,0,0,0,0,0,0,24
2008-07-23,22:55,0,0,0,0,0,0,0,0,0,0,0,0,22
2008-07-23,23:00,0,0,0,0,0,0,0,0,0,0,0,0,22
2008-07-23,23:05,0,0,0,0,0,0,0,0,0,0,0,3,16
2008-07-23,23:10,0,0,0,0,0,0,0,0,0,0,4,0,13
2008-07-23,23:15,0,0,0,0,0,0,0,0,0,5,0,0,11
2008-07-23,23:20,0,0,0,0,0,0,0,0,7,0,0,3,5
2008-07-23,23:25,0,0,0,0,0,0,0,10,0,0,2,0,5
2008-07-23,23:30,0,0,0,0,0,0,11,0,0,1,0,0,4
2008-07-23,23:35,0,0,0,0,0,14,0,0,0,0,0,0,5
2008-07-23,23:40,0,0,0,0,16,0,0,0,0,0,0,0,7
2008-07-23,23:45,0,0,0,17,0,0,0,0,0,0,0,0,6
2008-07-23,23:50,0,0,16,0,0,0,0,0,0,0,0,0,7
2008-07-23,23:55,0,11,0,0,0,0,0,0,0,0,1,0,8
2008-07-24,00:00,5,0,0,0,0,0,0,0,0,0,0,0,9
2008-07-24,00:05,0,0,0,0,0,0,0,0,0,0,0,0,11
2008-07-24,00:10,0,0,0,0,0,0,0,0,0,0,0,0,12
2008-07-24,00:15,0,0,0,0,0,0,0,0,0,0,0,12,0
2008-07-24,00:20,0,0,0,0,0,0,0,0,0,0,12,0,0
2008-07-24,00:25,0,0,0,0,0,0,0,0,0,12,0,0,0
2008-07-24,00:30,0,0,0,0,0,0,0,0,12,0,0,0,0
2008-07-24,00:35,0,0,0,0,0,0,0,10,0,0,0,0,0
2008-07-24,00:40,0,0,0,0,0,0,10,0,0,0,0,0,0
2008-07-24,00:45,0,0,0,0,0,8,0,0,0,0,0,0,1
2008-07-24,00:50,0,0,0,0,7,0,0,0,0,0,0,0,2
2008-07-24,00:55,0,0,0,5,0,0,0,0,0,0,0,0,4
2008-07-24,01:00,0,0,4,0,0,0,0,0,0,0,0,0,6
2008-07-24,01:05,0,4,0,0,0,0,0,0,0,0,0,0,7
2008-07-24,01:10,2,0,0,0,0,0,0,0,0,0,0,0,9
2008-07-24,01:15,0,0,0,0,0,0,0,0,0,0,0,0,12
2008-07-24,01:20,0,0,0,0,0,0,0,0,0,0,0,0,14
2008-07-24,01:25,0,0,0,0,0,0,0,0,0,0,0,0,16
2008-07-24,01:30,0,0,0,0,0,0,0,0,0,0,0,0,18
2008-07-24,01:35,0,0,0,0,0,0,0,0,0,0,0,0,20
2008-07-24,01:40,0,0,0,0,0,0,0,0,0,0,0,0,21
2008-07-24,01:45,0,0,0,0,0,0,0,0,0,0,0,0,20
2008-07-24,01:50,0,0,0,0,0,0,0,0,0,0,0,0,18
2008-07-24,01:55,0,0,0,0,0,0,0,0,0,0,0,0,17
2008-07-24,02:00,0,0,0,0,0,0,0,0,0,0,0,0,15
2008-07-24,02:05,0,0,0,0,0,0,0,0,0,0,0,0,15
2008-07-24,02:10,0,0,0,0,0,0,0,0,0,0,0,2,13
2008-07-24,02:15,0,0,0,0,0,0,0,0,0,0,0,0,13
2008-07-24,02:20,0,0,0,0,0,0,0,0,0,1,0,2,13
2008-07-24,02:25,0,0,0,0,0,0,0,0,0,0,1,0,16
2008-07-24,02:30,0,0,0,0,0,0,0,0,0,1,0,0,23
2008-07-24,02:35,0,0,0,0,0,0,0,0,0,0,0,0,28
2008-07-24,02:40,0,0,0,0,0,0,0,0,0,0,0,0,33
2008-07-24,02:45,0,0,0,0,0,0,0,0,0,0,0,0,40
2008-07-24,02:50,0,0,0,0,0,0,0,0,0,0,0,0,47
2008-07-24,02:55,0,0,0,0,0,0,0,0,0,0,0,5,51
2008-07-24,03:00,0,0,0,0,0,0,0,0,0,0,5,3,58
2008-07-24,03:05,0,0,0,0,0,0,0,0,0,5,5,0,67
2008-07-24,03:10,0,0,0,0,0,0,0,0,5,7,0,0,80
2008-07-24,03:15,0,0,0,0,0,0,0,4,9,0,0,0,92
2008-07-24,03:20,0,0,0,0,0,0,4,12,0,0,0,2,106
2008-07-24,03:25,0,0,0,0,0,3,14,0,0,0,2,2,119
2008-07-24,03:30,0,0,0,0,3,18,0,0,0,4,1,14,118
2008-07-24,03:35,0,0,0,2,21,0,0,0,4,1,13,19,119
2008-07-24,03:40,0,0,2,21,0,0,0,6,0,12,19,20,114
2008-07-24,03:45,0,1,19,0,0,0,7,0,11,22,19,0,132
2008-07-24,03:50,1,15,0,0,0,9,0,10,25,18,0,3,136
2008-07-24,03:55,6,0,0,0,10,0,9,29,18,0,3,10,136
2008-07-24,04:00,0,0,0,11,0,7,32,17,0,5,10,2,138
2008-07-24,04:05,0,0,10,0,7,34,14,0,7,9,1,3,139
2008-07-24,04:10,0,7,0,5,39,13,0,8,9,1,3,0,142
2008-07-24,04:15,3,0,4,39,10,0,11,9,0,3,0,1,143
2008-07-24,04:20,0,3,35,9,0,13,7,0,2,0,1,5,149
2008-07-24,04:25,2,24,7,0,15,7,0,3,0,1,1,3,154
2008-07-24,04:30,13,4,0,16,5,0,2,0,0,2,2,8,166
2008-07-24,04:35,4,0,15,4,0,2,0,0,0,2,9,1,179
2008-07-24,04:40,0,11,4,0,2,0,0,0,0,11,1,5,188
2008-07-24,04:45,4,2,0,2,0,0,0,0,14,1,3,4,199
2008-07-24,04:50,2,0,1,0,0,0,0,16,0,3,3,0,212
2008-07-24,04:55,0,0,0,0,0,0,21,0,2,4,0,0,216
2008-07-24,05:00,1,0,0,0,0,27,0,3,3,0,0,0,220
2008-07-24,05:05,0,0,0,0,29,0,3,3,0,0,0,3,214
2008-07-24,05:10,0,0,0,31,0,4,3,0,0,0,2,8,208
2008-07-24,05:15,0,0,29,0,4,3,0,0,0,2,7,6,200
2008-07-24,05:20,0,20,0,5,2,0,0,0,0,8,2,4,191
2008-07-24,05:25,9,0,4,1,0,0,0,0,8,2,4,7,197
2008-07-24,05:30,0,4,1,0,0,0,0,11,0,4,6,0,203
2008-07-24,05:35,1,1,0,0,0,0,14,0,5,8,0,8,241
2008-07-24,05:40,1,0,0,0,0,17,0,6,7,0,6,6,325
2008-07-24,05:45,0,0,0,0,19,0,8,8,0,5,2,9,456
2008-07-24,05:50,0,0,0,21,0,9,11,0,5,2,5,3,606
2008-07-24,05:55,0,0,19,0,11,13,0,4,0,3,2,7,689
2008-07-24,06:00,0,13,0,12,15,0,3,0,0,1,4,0,653
2008-07-24,06:05,6,0,10,15,0,4,0,0,0,4,0,14,495
2008-07-24,06:10,0,8,15,0,2,0,0,0,2,0,11,8,323
2008-07-24,06:15,3,11,0,2,0,0,0,3,0,10,9,4,201
2008-07-24,06:20,4,0,2,0,0,0,2,0,9,8,3,0,150
2008-07-24,06:25,0,1,0,0,0,1,0,8,8,4,0,7,120
2008-07-24,06:30,1,0,0,0,2,0,8,7,3,0,5,8,104
2008-07-24,06:35,0,0,0,1,0,6,6,5,0,4,9,4,105
2008-07-24,06:40,0,0,1,0,5,6,6,0,3,8,2,12,99
2008-07-24,06:45,0,0,0,4,5,7,0,3,9,2,7,0,102
2008-07-24,06:50,1,0,4,3,9,0,2,7,0,7,0,4,106
2008-07-24,06:55,0,2,3,8,0,2,7,0,4,0,2,3,114
2008-07-24,07:00,2,2,9,0,1,5,0,4,0,1,4,5,112
2008-07-24,07:05,2,6,0,2,5,0,4,0,0,5,5,2,116
2008-07-24,07:10,2,0,1,4,0,3,0,0,7,6,1,0,120
2008-07-24,07:15,0,0,3,0,2,0,0,9,8,1,0,14,106
2008-07-24,07:20,1,2,0,2,0,0,11,9,0,0,13,0,109
2008-07-24,07:25,2,0,2,0,0,14,11,0,0,12,0,0,107
2008-07-24,07:30,0,1,0,0,16,15,0,0,13,0,0,7,92
2008-07-24,07:35,1,0,0,17,16,0,0,11,0,0,8,2,93
2008-07-24,07:40,0,0,15,17,0,0,10,0,0,8,1,4,87
2008-07-24,07:45,0,11,16,0,0,8,0,0,7,1,2,0,96
2008-07-24,07:50,5,11,0,0,7,0,0,9,0,2,0,3,91
2008-07-24,07:55,5,0,0,7,0,0,12,0,0,0,5,10,90
2008-07-24,08:00,0,0,4,0,0,14,0,0,0,6,10,9,82
2008-07-24,08:05,0,3,0,0,16,0,0,0,9,13,3,0,90
2008-07-24,08:10,3,0,0,18,0,0,0,11,16,3,0,0,95
2008-07-24,08:15,0,0,16,0,0,0,14,18,0,0,0,4,93
2008-07-24,08:20,0,11,0,0,0,18,23,0,0,0,4,0,91
2008-07-24,08:25,5,0,0,0,19,25,0,0,0,2,0,0,101
2008-07-24,08:30,0,0,0,21,28,0,0,0,3,0,0,2,92
2008-07-24,08:35,0,0,19,29,0,0,0,2,0,0,1,2,95
2008-07-24,08:40,0,14,27,0,0,0,2,0,0,1,1,0,94
2008-07-24,08:45,6,20,0,0,0,2,0,0,0,1,0,3,94
2008-07-24,08:50,8,0,0,0,2,0,0,0,0,0,2,5,93
2008-07-24,08:55,0,0,0,1,0,0,0,0,0,1,2,0,95
2008-07-24,09:00,0,0,1,0,0,0,0,0,0,2,0,2,98
2008-07-24,09:05,0,0,0,0,0,0,0,0,0,0,1,3,98
2008-07-24,09:10,1,0,0,0,0,0,0,0,0,1,4,0,104
2008-07-24,09:15,0,0,0,0,0,0,0,0,0,5,0,1,99
2008-07-24,09:20,0,0,0,0,0,0,0,0,7,0,1,3,103
2008-07-24,09:25,0,0,0,0,0,0,0,10,0,1,1,0,103
2008-07-24,09:30,0,0,0,0,0,0,11,0,0,1,0,5,102
2008-07-24,09:35,0,0,0,0,0,14,0,0,0,0,3,0,106
2008-07-24,09:40,0,0,0,0,16,0,0,0,0,3,0,0,113
2008-07-24,09:45,0,0,0,17,0,0,0,0,3,0,0,4,118
2008-07-24,09:50,0,0,16,0,0,0,0,2,0,0,3,9,117
2008-07-24,09:55,0,11,0,0,0,0,4,0,0,4,4,0,145
2008-07-24,10:00,5,0,0,0,0,4,0,0,3,4,0,2,156
2008-07-24,10:05,0,0,0,0,5,0,0,3,0,0,1,1,171
2008-07-24,10:10,0,0,0,5,0,0,3,0,0,1,1,3,182
2008-07-24,10:15,0,0,4,0,0,3,0,0,0,1,4,0,195
2008-07-24,10:20,0,4,0,0,2,0,0,0,0,6,0,0,203
2008-07-24,10:25,1,0,0,1,0,0,0,0,8,0,0,3,205
2008-07-24,10:30,0,0,1,0,0,0,0,10,0,0,4,3,193
2008-07-24,10:35,0,1,0,0,0,0,12,0,0,5,1,3,192
2008-07-24,10:40,1,0,0,0,0,15,0,0,7,1,4,7,199
2008-07-24,10:45,0,0,0,0,18,0,0,10,0,5,2,3,193
2008-07-24,10:50,0,0,0,18,0,0,11,0,7,3,2,7,185
2008-07-24,10:55,0,0,17,0,0,14,0,8,0,2,2,3,185
2008-07-24,11:00,0,13,0,0,16,0,11,0,0,3,4,3,177
2008-07-24,11:05,5,0,0,17,0,13,0,0,0,4,2,4,173
2008-07-24,11:10,0,0,16,0,15,0,0,0,3,2,3,1,178
2008-07-24,11:15,0,11,0,16,0,0,0,3,0,3,1,18,167
2008-07-24,11:20,5,0,15,0,0,0,3,0,0,1,16,15,161
2008-07-24,11:25,0,11,0,0,0,2,0,0,2,17,12,4,168
2008-07-24,11:30,4,0,0,0,2,0,0,3,16,11,6,16,158
2008-07-24,11:35,0,0,0,2,0,0,3,18,8,7,15,8,151
2008-07-24,11:40,0,0,1,0,0,4,20,7,11,19,7,28,117
2008-07-24,11:45,0,1,0,0,5,21,6,13,19,8,27,0,120
2008-07-24,11:50,1,0,0,5,21,6,16,19,8,26,0,3,114
2008-07-24,11:55,0,0,4,22,5,20,21,6,23,0,4,0,103
2008-07-24,12:00,0,4,20,3,23,22,7,22,0,6,0,15,87
2008-07-24,12:05,1,14,3,24,21,5,18,0,9,0,11,4,76
2008-07-24,12:10,7,2,22,22,4,16,0,10,0,10,3,6,73
2008-07-24,12:15,2,17,20,4,13,0,14,0,8,1,6,3,74
2008-07-24,12:20,7,14,2,11,0,16,0,8,1,8,4,10,64
2008-07-24,12:25,7,2,8,0,19,0,7,0,8,5,6,3,63
2008-07-24,12:30,2,6,0,20,0,5,0,12,7,4,2,6,66
2008-07-24,12:35,5,0,18,0,5,0,14,9,3,3,6,0,65
2008-07-24,12:40,0,13,0,4,0,18,11,3,2,8,0,2,69
2008-07-24,12:45,6,0,3,0,19,14,2,3,9,0,1,3,67
2008-07-24,12:50,0,2,0,21,15,2,2,11,0,1,1,2,70
2008-07-24,12:55,2,0,20,17,1,1,13,0,0,1,2,0,69
2008-07-24,13:00,0,14,15,2,2,16,0,0,0,3,0,0,74
2008-07-24,13:05,6,11,1,1,17,0,0,0,5,0,1,0,70
2008-07-24,13:10,5,0,1,17,0,0,0,6,0,0,0,2,71
2008-07-24,13:15,1,0,16,0,0,0,7,0,0,0,1,10,64
2008-07-24,13:20,1,11,0,0,0,9,0,0,0,1,8,0,70
2008-07-24,13:25,6,0,0,0,10,0,0,0,0,9,0,2,71
2008-07-24,13:30,0,0,0,10,0,0,0,0,6,0,1,0,76
2008-07-24,13:35,0,0,10,0,0,0,0,6,0,1,0,3,75
2008-07-24,13:40,0,7,0,0,0,0,6,0,0,0,1,0,82
2008-07-24,13:45,3,0,0,0,0,5,0,0,0,1,0,0,88
2008-07-24,13:50,0,0,0,0,4,0,0,0,0,0,0,13,78
2008-07-24,13:55,0,0,0,3,0,0,0,0,0,0,12,0,86
2008-07-24,14:00,0,0,2,0,0,0,0,0,0,10,0,2,82
2008-07-24,14:05,0,2,0,0,0,0,0,0,10,0,4,3,79
2008-07-24,14:10,2,0,0,0,0,0,0,8,0,6,4,0,90
2008-07-24,14:15,0,0,0,0,0,0,8,0,7,5,0,3,87
2008-07-24,14:20,0,0,0,0,0,6,0,9,5,0,4,3,107
2008-07-24,14:25,0,0,0,0,6,0,12,6,0,3,5,0,152
2008-07-24,14:30,0,0,0,4,0,14,8,0,3,5,0,8,222
2008-07-24,14:35,0,0,4,0,16,10,0,2,8,0,6,3,318
2008-07-24,14:40,0,2,0,18,12,0,2,10,0,7,1,1,371
2008-07-24,14:45,2,0,16,12,0,2,13,0,7,1,1,6,359
2008-07-24,14:50,0,11,11,0,2,16,0,9,0,1,2,0,298
2008-07-24,14:55,5,8,0,1,18,0,11,0,2,2,0,0,218
2008-07-24,15:00,3,0,1,18,0,14,0,3,0,0,0,0,180
2008-07-24,15:05,0,0,18,0,16,0,3,0,0,0,0,0,163
2008-07-24,15:10,1,13,0,17,0,4,0,0,0,0,0,0,171
2008-07-24,15:15,5,0,15,0,4,0,0,0,0,0,0,0,180
2008-07-24,15:20,0,11,0,5,0,0,0,0,0,0,0,2,195
2008-07-24,15:25,5,0,4,0,0,0,0,0,0,0,1,0,194
2008-07-24,15:30,0,4,0,0,0,0,0,0,0,1,0,3,210
2008-07-24,15:35,1,0,0,0,0,0,0,0,0,0,1,7,212
2008-07-24,15:40,0,0,0,0,0,0,0,0,0,1,6,1,212
2008-07-24,15:45,0,0,0,0,0,0,0,0,0,4,1,5,212
2008-07-24,15:50,0,0,0,0,0,0,0,0,4,2,5,0,214
2008-07-24,15:55,0,0,0,0,0,0,0,3,3,5,0,15,206
2008-07-24,16:00,0,0,0,0,0,0,2,4,5,0,9,8,208
2008-07-24,16:05,0,0,0,0,0,3,4,4,0,9,5,2,216
2008-07-24,16:10,0,0,0,0,2,6,4,0,7,6,1,3,225
2008-07-24,16:15,0,0,0,1,6,3,0,9,3,1,2,2,229
2008-07-24,16:20,0,0,1,7,3,0,11,5,0,1,1,2,231
2008-07-24,16:25,0,1,7,2,0,13,5,0,0,1,1,2,224
2008-07-24,16:30,1,4,2,0,15,7,0,0,0,1,1,3,211
2008-07-24,16:35,2,1,0,17,8,0,0,0,0,1,4,3,204
2008-07-24,16:40,1,0,15,8,0,0,0,0,0,4,4,11,173
2008-07-24,16:45,0,10,7,0,0,0,0,0,5,3,10,7,149
2008-07-24,16:50,5,6,0,0,0,0,0,6,3,10,3,4,134
2008-07-24,16:55,2,0,0,0,0,0,8,2,9,4,2,9,120
2008-07-24,17:00,0,0,0,0,0,10,2,8,0,2,5,2,113
2008-07-24,17:05,0,0,0,0,11,1,8,0,0,3,1,3,108
2008-07-24,17:10,0,0,0,11,2,6,0,0,0,2,1,5,104
2008-07-24,17:15,0,0,11,1,5,0,0,0,0,1,2,3,109
2008-07-24,17:20,0,8,1,4,0,0,0,0,0,2,1,8,104
2008-07-24,17:25,3,1,4,0,0,0,0,0,0,1,6,2,116
2008-07-24,17:30,0,2,0,0,0,0,0,0,0,9,3,7,110
2008-07-24,17:35,2,0,0,0,0,0,0,0,9,4,12,0,117
2008-07-24,17:40,0,0,0,0,0,0,0,11,5,16,0,2,116
2008-07-24,17:45,0,0,0,0,0,0,15,7,19,0,1,1,113
2008-07-24,17:50,0,0,0,0,0,17,8,24,0,1,1,0,113
2008-07-24,17:55,0,0,0,0,21,11,31,0,0,1,0,3,108
2008-07-24,18:00,0,0,0,21,12,38,0,0,0,0,3,16,91
2008-07-24,18:05,0,0,20,12,44,0,0,0,0,2,12,0,96
2008-07-24,18:10,0,14,12,47,0,0,0,0,3,11,0,1,94
2008-07-24,18:15,6,8,42,0,0,0,0,3,8,0,1,3,92
2008-07-24,18:20,4,30,0,0,0,0,2,8,0,1,1,3,90
2008-07-24,18:25,13,0,0,0,0,2,7,0,0,1,2,2,94
2008-07-24,18:30,0,0,0,0,1,5,0,0,0,2,1,4,96
2008-07-24,18:35,0,0,0,2,5,0,0,0,0,1,4,3,92
2008-07-24,18:40,0,0,1,4,0,0,0,0,0,7,3,0,91
2008-07-24,18:45,0,0,3,0,0,0,0,0,9,4,0,0,87
2008-07-24,18:50,1,2,0,0,0,0,0,13,3,0,0,7,79
2008-07-24,18:55,2,0,0,0,0,0,15,3,0,0,3,0,78
2008-07-24,19:00,0,0,0,0,0,18,3,0,0,2,0,3,79
2008-07-24,19:05,0,0,0,0,21,2,0,0,0,0,1,3,73
2008-07-24,19:10,0,0,0,22,2,0,0,0,0,1,5,3,71
2008-07-24,19:15,0,0,20,1,0,0,0,0,0,6,1,2,70
2008-07-24,19:20,0,16,1,0,0,0,0,0,9,1,1,0,75
2008-07-24,19:25,6,1,0,0,0,0,0,11,0,1,0,6,69
2008-07-24,19:30,1,0,0,0,0,0,14,0,0,0,2,0,72
2008-07-24,19:35,0,0,0,0,0,18,0,0,0,2,0,0,72
2008-07-24,19:40,0,0,0,0,19,0,0,0,0,0,0,0,69
2008-07-24,19:45,0,0,0,21,0,0,0,0,0,0,0,0,66
2008-07-24,19:50,0,0,19,0,0,0,0,0,0,0,0,0,59
2008-07-24,19:55,0,14,0,0,0,0,0,0,0,0,0,6,52
2008-07-24,20:00,6,0,0,0,0,0,0,0,0,0,3,1,45
2008-07-24,20:05,0,0,0,0,0,0,0,0,0,2,1,0,46
2008-07-24,20:10,0,0,0,0,0,0,0,0,0,1,0,0,41
2008-07-24,20:15,0,0,0,0,0,0,0,0,0,0,0,2,38
2008-07-24,20:20,0,0,0,0,0,0,0,0,0,0,1,2,34
2008-07-24,20:25,0,0,0,0,0,0,0,0,0,1,1,5,30
2008-07-24,20:30,0,0,0,0,0,0,0,0,0,1,5,0,31
2008-07-24,20:35,0,0,0,0,0,0,0,0,0,6,0,0,33
2008-07-24,20:40,0,0,0,0,0,0,0,0,8,0,0,0,31
2008-07-24,20:45,0,0,0,0,0,0,0,9,0,0,0,3,27
2008-07-24,20:50,0,0,0,0,0,0,12,0,0,0,1,0,27
2008-07-24,20:55,0,0,0,0,0,15,0,0,0,1,0,0,26
2008-07-24,21:00,0,0,0,0,17,0,0,0,0,0,0,0,23
2008-07-24,21:05,0,0,0,18,0,0,0,0,0,0,0,0,19
2008-07-24,21:10,0,0,16,0,0,0,0,0,0,0,0,3,12
2008-07-24,21:15,0,12,0,0,0,0,0,0,0,0,4,0,8
2008-07-24,21:20,5,0,0,0,0,0,0,0,0,5,0,5,0
2008-07-24,21:25,0,0,0,0,0,0,0,0,8,0,2,0,0
2008-07-24,21:30,0,0,0,0,0,0,0,9,0,2,0,0,0
2008-07-24,21:35,0,0,0,0,0,0,13,0,0,0,0,0,0
2008-07-24,21:40,0,0,0,0,0,14,0,0,0,0,0,0,0
2008-07-24,21:45,0,0,0,0,17,0,0,0,0,0,0,0,0
2008-07-24,21:50,0,0,0,18,0,0,0,0,0,0,0,0,0
2008-07-24,21:55,0,0,17,0,0,0,0,0,0,0,0,0,0
2008-07-24,22:00,0,12,0,0,0,0,0,0,0,0,0,0,0
2008-07-24,22:05,5,0,0,0,0,0,0,0,0,0,0,0,0
2008-07-24,22:10,0,0,0,0,0,0,0,0,0,0,0,0,0
2008-07-24,22:15,0,0,0,0,0,0,0,0,0,0,0,0,0
2008-07-24,22:20,0,0,0,0,0,0,0,0,0,0,0,0,0
2008-07-24,22:25,0,0,0,0,0,0,0,0,0,0,0,0,2
2008-07-24,22:30,0,0,0,0,0,0,0,0,0,0,0,0,3
2008-07-24,22:35,0,0,0,0,0,0,0,0,0,0,0,0,6
2008-07-24,22:40,0,0,0,0,0,0,0,0,0,0,0,0,7
2008-07-24,22:45,0,0,0,0,0,0,0,0,0,0,0,0,10
2008-07-24,22:50,0,0,0,0,0,0,0,0,0,0,0,0,12
2008-07-24,22:55,0,0,0,0,0,0,0,0,0,0,0,0,16
2008-07-24,23:00,0,0,0,0,0,0,0,0,0,0,0,0,18
2008-07-24,23:05,0,0,0,0,0,0,0,0,0,0,0,0,22
2008-07-24,23:10,0,0,0,0,0,0,0,0,0,0,0,0,24
2008-07-24,23:15,0,0,0,0,0,0,0,0,0,0,0,0,25
2008-07-24,23:20,0,0,0,0,0,0,0,0,0,0,0,0,26
2008-07-24,23:25,0,0,0,0,0,0,0,0,0,0,0,0,25
2008-07-24,23:30,0,0,0,0,0,0,0,0,0,0,0,0,22
2008-07-24,23:35,0,0,0,0,0,0,0,0,0,0,0,0,20
2008-07-24,23:40,0,0,0,0,0,0,0,0,0,0,0,0,16
2008-07-24,23:45,0,0,0,0,0,0,0,0,0,0,0,0,11
2008-07-24,23:50,0,0,0,0,0,0,0,0,0,0,0,3,6
2008-07-24,23:55,0,0,0,0,0,0,0,0,0,0,1,0,3
2008-07-25,00:00,0,0,0,0,0,0,0,0,0,1,0,2,0
2008-07-25,00:05,0,0,0,0,0,0,0,0,0,0,1,0,0
2008-07-25,00:10,0,0,0,0,0,0,0,0,0,1,0,0,0
2008-07-25,00:15,0,0,0,0,0,0,0,0,0,0,0,0,0
2008-07-25,00:20,0,0,0,0,0,0,0,0,0,0,0,0,0
2008-07-25,00:25,0,0,0,0,0,0,0,0,0,0,0,0,0
2008-07-25,00:30,0,0,0,0,0,0,0,0,0,0,0,0,0
2008-07-25,00:35,0,0,0,0,0,0,0,0,0,0,0,0,0
2008-07-25,00:40,0,0,0,0,0,0,0,0,0,0,0,0,0
2008-07-25,00:45,0,0,0,0,0,0,0,0,0,0,0,0,1
2008-07-25,00:50,0,0,0,0,0,0,0,0,0,0,0,0,4
2008-07-25,00:55,0,0,0,0,0,0,0,0,0,0,0,0,4
2008-07-25,01:00,0,0,0,0,0,0,0,0,0,0,0,0,7
2008-07-25,01:05,0,0,0,0,0,0,0,0,0,0,0,0,12
2008-07-25,01:10,0,0,0,0,0,0,0,0,0,0,0,0,17
2008-07-25,01:15,0,0,0,0,0,0,0,0,0,0,0,0,20
2008-07-25,01:20,0,0,0,0,0,0,0,0,0,0,0,0,27
2008-07-25,01:25,0,0,0,0,0,0,0,0,0,0,0,0,31
2008-07-25,01:30,0,0,0,0,0,0,0,0,0,0,0,0,38
2008-07-25,01:35,0,0,0,0,0,0,0,0,0,0,0,0,42
2008-07-25,01:40,0,0,0,0,0,0,0,0,0,0,0,0,45
2008-07-25,01:45,0,0,0,0,0,0,0,0,0,0,0,0,51
2008-07-25,01:50,0,0,0,0,0,0,0,0,0,0,0,0,53
2008-07-25,01:55,0,0,0,0,0,0,0,0,0,0,0,0,53
2008-07-25,02:00,0,0,0,0,0,0,0,0,0,0,0,0,53
2008-07-25,02:05,0,0,0,0,0,0,0,0,0,0,0,0,52
2008-07-25,02:10,0,0,0,0,0,0,0,0,0,0,0,2,49
2008-07-25,02:15,0,0,0,0,0,0,0,0,0,0,0,11,37
2008-07-25,02:20,0,0,0,0,0,0,0,0,0,1,10,0,39
2008-07-25,02:25,0,0,0,0,0,0,0,0,0,10,0,0,40
2008-07-25,02:30,0,0,0,0,0,0,0,0,9,0,0,5,42
2008-07-25,02:35,0,0,0,0,0,0,0,8,0,0,2,0,49
2008-07-25,02:40,0,0,0,0,0,0,7,0,0,2,0,0,55
2008-07-25,02:45,0,0,0,0,0,6,0,0,0,0,0,0,60
2008-07-25,02:50,0,0,0,0,5,0,0,0,0,0,0,0,67
2008-07-25,02:55,0,0,0,4,0,0,0,0,0,0,0,5,71
2008-07-25,03:00,0,0,3,0,0,0,0,0,0,0,5,4,74
2008-07-25,03:05,0,2,0,0,0,0,0,0,0,5,7,0,77
2008-07-25,03:10,2,0,0,0,0,0,0,0,5,9,0,3,88
2008-07-25,03:15,0,0,0,0,0,0,0,4,11,0,1,0,94
2008-07-25,03:20,0,0,0,0,0,0,4,15,0,1,0,2,104
2008-07-25,03:25,0,0,0,0,0,3,18,0,0,0,0,4,108
2008-07-25,03:30,0,0,0,0,3,23,0,0,0,1,4,11,112
2008-07-25,03:35,0,0,0,2,26,0,0,0,0,5,11,25,96
2008-07-25,03:40,0,0,2,27,0,0,0,0,5,10,24,11,95
2008-07-25,03:45,0,1,26,0,0,0,0,6,10,26,10,0,105
2008-07-25,03:50,1,19,0,0,0,0,8,10,26,10,0,2,111
2008-07-25,03:55,7,0,0,0,0,10,8,28,9,0,4,4,111
2008-07-25,04:00,0,0,0,0,11,7,28,8,0,6,2,0,125
2008-07-25,04:05,0,0,0,12,6,27,7,0,7,2,0,3,131
2008-07-25,04:10,0,0,11,5,27,6,0,9,0,0,3,0,138
2008-07-25,04:15,0,8,4,26,5,0,12,0,0,2,0,1,133
2008-07-25,04:20,3,3,23,5,0,14,0,0,3,0,1,0,149
2008-07-25,04:25,2,15,3,0,16,0,0,3,0,1,0,4,163
2008-07-25,04:30,10,2,0,18,0,0,2,0,0,0,2,5,165
2008-07-25,04:35,2,0,16,0,0,2,0,0,0,2,6,3,178
2008-07-25,04:40,0,11,0,0,1,0,0,0,0,8,1,9,190
2008-07-25,04:45,5,0,0,2,0,0,0,0,7,1,8,0,205
2008-07-25,04:50,0,0,1,0,0,0,0,9,0,12,0,2,220
2008-07-25,04:55,0,0,0,0,0,0,12,0,12,0,1,3,230
2008-07-25,05:00,1,0,0,0,0,14,0,15,0,1,1,0,251
2008-07-25,05:05,0,0,0,0,16,0,18,0,0,1,0,7,254
2008-07-25,05:10,0,0,0,18,0,20,0,0,0,0,3,4,263
2008-07-25,05:15,0,0,16,0,22,0,0,0,0,3,5,0,273
2008-07-25,05:20,0,11,0,24,0,0,0,0,0,7,0,3,273
2008-07-25,05:25,5,0,21,0,0,0,0,0,7,0,4,7,265
2008-07-25,05:30,0,14,0,0,0,0,0,10,0,7,4,6,260
2008-07-25,05:35,8,0,0,0,0,0,12,0,8,4,2,9,260
2008-07-25,05:40,0,0,0,0,0,15,0,11,0,2,10,0,267
2008-07-25,05:45,0,0,0,0,17,0,14,0,0,13,0,19,282
2008-07-25,05:50,0,0,0,18,0,16,0,0,12,0,10,6,337
2008-07-25,05:55,0,0,17,0,19,0,0,15,0,8,3,7,442
2008-07-25,06:00,0,12,0,20,0,0,17,0,3,2,4,0,543
2008-07-25,06:05,5,0,19,0,0,20,0,3,0,4,0,24,586
2008-07-25,06:10,0,13,0,0,20,0,2,0,2,0,20,15,537
2008-07-25,06:15,6,0,0,20,0,2,0,3,0,21,11,5,435
2008-07-25,06:20,0,0,18,0,2,0,2,0,17,9,3,0,309
2008-07-25,06:25,0,13,0,1,0,1,0,15,8,4,0,8,224
2008-07-25,06:30,7,0,2,0,2,0,13,7,3,0,5,17,172
2008-07-25,06:35,0,0,0,1,0,13,6,5,0,5,16,4,171
2008-07-25,06:40,1,0,1,0,9,6,6,0,3,17,2,13,164
2008-07-25,06:45,0,0,0,8,4,8,0,2,15,2,10,0,180
2008-07-25,06:50,1,0,7,4,8,0,3,14,0,7,0,0,200
2008-07-25,06:55,0,4,2,9,0,2,11,0,5,0,0,9,211
2008-07-25,07:00,4,2,8,0,1,10,0,4,0,0,6,3,217
2008-07-25,07:05,2,6,0,2,9,0,3,0,0,7,5,10,224
2008-07-25,07:10,3,0,1,7,0,4,0,0,7,7,9,3,229
2008-07-25,07:15,0,0,6,0,2,0,0,9,7,9,1,9,221
2008-07-25,07:20,1,4,0,2,0,0,11,9,9,1,9,3,225
2008-07-25,07:25,3,0,2,0,0,14,12,8,0,9,1,2,218
2008-07-25,07:30,0,1,0,0,15,15,7,0,9,1,1,7,202
2008-07-25,07:35,1,0,0,17,16,6,0,8,0,1,7,3,193
2008-07-25,07:40,0,0,15,17,5,0,7,0,0,8,1,6,182
2008-07-25,07:45,0,11,16,5,0,6,0,0,7,1,3,4,173
2008-07-25,07:50,5,12,3,0,5,0,0,9,0,3,3,5,162
2008-07-25,07:55,5,2,0,4,0,0,12,0,0,1,7,6,154
2008-07-25,08:00,2,0,3,0,0,15,0,0,0,7,9,16,133
2008-07-25,08:05,0,2,0,0,16,0,0,0,8,10,7,0,134
2008-07-25,08:10,2,0,0,17,0,0,0,10,15,5,0,3,125
2008-07-25,08:15,0,0,16,0,0,0,13,18,0,0,1,1,122
2008-07-25,08:20,0,12,0,0,0,16,23,0,0,1,1,0,116
2008-07-25,08:25,5,0,0,0,19,29,0,0,0,1,0,0,110
2008-07-25,08:30,0,0,0,19,32,0,0,0,0,0,0,9,93
2008-07-25,08:35,0,0,18,35,0,0,0,0,0,0,5,2,88
2008-07-25,08:40,0,13,31,0,0,0,0,0,0,2,1,0,85
2008-07-25,08:45,5,23,0,0,0,0,0,0,1,1,0,9,76
2008-07-25,08:50,10,0,0,0,0,0,0,0,0,0,7,2,73
2008-07-25,08:55,0,0,0,0,0,0,0,0,0,4,1,0,77
2008-07-25,09:00,0,0,0,0,0,0,0,0,3,1,0,3,78
2008-07-25,09:05,0,0,0,0,0,0,0,3,0,0,1,3,84
2008-07-25,09:10,0,0,0,0,0,0,2,0,0,1,4,2,79
2008-07-25,09:15,0,0,0,0,0,2,0,0,0,6,1,3,83
2008-07-25,09:20,0,0,0,0,1,0,0,0,7,1,1,0,93
2008-07-25,09:25,0,0,0,2,0,0,0,10,0,1,0,0,92
2008-07-25,09:30,0,0,1,0,0,0,12,0,0,0,0,5,102
2008-07-25,09:35,0,0,0,0,0,15,0,0,0,0,3,0,107
2008-07-25,09:40,1,0,0,0,17,0,0,0,0,4,0,3,111
2008-07-25,09:45,0,0,0,18,0,0,0,0,3,0,2,8,124
2008-07-25,09:50,0,0,17,0,0,0,0,2,0,3,4,8,125
2008-07-25,09:55,0,12,0,0,0,0,2,0,2,6,5,0,152
2008-07-25,10:00,5,0,0,0,0,2,0,3,3,5,0,3,162
2008-07-25,10:05,0,0,0,0,2,0,2,3,3,0,3,2,175
2008-07-25,10:10,0,0,0,1,0,1,3,3,0,3,0,4,192
2008-07-25,10:15,0,0,1,0,2,3,2,0,3,1,5,2,199
2008-07-25,10:20,0,0,0,1,2,2,0,3,0,7,0,0,204
2008-07-25,10:25,1,0,1,1,2,0,2,0,9,1,0,4,215
2008-07-25,10:30,0,0,1,1,0,2,0,12,0,0,6,3,212
2008-07-25,10:35,1,1,2,0,2,0,15,0,0,8,2,2,217
2008-07-25,10:40,1,0,0,1,0,18,0,0,9,1,2,2,209
2008-07-25,10:45,1,0,2,0,21,0,0,12,0,4,1,8,211
2008-07-25,10:50,0,0,0,22,0,0,15,0,4,1,4,3,210
2008-07-25,10:55,1,0,21,0,0,19,0,6,0,4,1,6,215
2008-07-25,11:00,0,15,0,0,20,0,8,0,0,2,6,4,225
2008-07-25,11:05,6,0,0,22,0,9,0,0,0,6,2,2,227
2008-07-25,11:10,0,0,20,0,10,0,0,0,3,2,2,1,247
2008-07-25,11:15,0,16,0,11,0,0,0,3,0,2,1,16,235
2008-07-25,11:20,6,0,10,0,0,0,3,0,0,2,16,16,240
2008-07-25,11:25,0,8,0,0,0,2,0,0,2,17,12,3,251
2008-07-25,11:30,3,0,0,0,2,0,0,3,15,11,4,18,232
2008-07-25,11:35,0,0,0,2,0,0,3,17,8,7,17,9,229
2008-07-25,11:40,0,0,1,0,0,5,18,8,9,21,8,26,194
2008-07-25,11:45,0,1,0,0,5,20,6,12,20,9,22,0,194
2008-07-25,11:50,1,0,0,5,21,6,14,21,8,22,0,11,171
2008-07-25,11:55,0,0,5,20,4,18,21,7,19,0,8,0,155
2008-07-25,12:00,0,4,19,4,20,23,7,19,0,9,0,10,134
2008-07-25,12:05,1,13,3,21,23,6,16,0,9,0,5,2,123
2008-07-25,12:10,7,2,20,23,4,12,0,11,0,6,1,10,97
2008-07-25,12:15,2,15,21,4,12,0,14,0,2,1,8,5,94
2008-07-25,12:20,6,15,3,10,0,17,0,3,0,9,4,15,73
2008-07-25,12:25,8,2,7,0,20,0,2,0,7,4,12,4,69
2008-07-25,12:30,2,4,0,20,0,1,0,11,5,12,2,6,66
2008-07-25,12:35,5,0,19,0,2,0,13,6,13,1,5,0,71
2008-07-25,12:40,0,14,0,1,0,15,8,15,0,6,0,3,74
2008-07-25,12:45,6,0,1,0,18,9,15,0,7,0,1,2,78
2008-07-25,12:50,0,0,0,19,11,19,0,10,0,1,1,3,85
2008-07-25,12:55,1,0,18,11,18,0,11,0,0,1,4,0,90
2008-07-25,13:00,0,13,10,21,0,14,0,0,0,5,0,2,91
2008-07-25,13:05,5,8,18,0,16,0,0,0,7,0,1,0,95
2008-07-25,13:10,3,11,0,17,0,0,0,8,0,1,0,0,96
2008-07-25,13:15,7,0,16,0,0,0,12,0,0,0,0,10,85
2008-07-25,13:20,0,11,0,0,0,13,0,0,0,0,9,0,83
2008-07-25,13:25,5,0,0,0,16,0,0,0,0,8,0,2,77
2008-07-25,13:30,0,0,0,16,0,0,0,0,7,0,1,0,75
2008-07-25,13:35,0,0,15,0,0,0,0,6,0,1,0,3,63
2008-07-25,13:40,0,11,0,0,0,0,6,0,0,0,1,3,56
2008-07-25,13:45,5,0,0,0,0,4,0,0,0,1,1,3,51
2008-07-25,13:50,0,0,0,0,4,0,0,0,0,1,1,2,44
2008-07-25,13:55,0,0,0,4,0,0,0,0,0,1,1,0,43
2008-07-25,14:00,0,0,2,0,0,0,0,0,0,1,0,3,38
2008-07-25,14:05,0,2,0,0,0,0,0,0,0,0,4,7,30
2008-07-25,14:10,2,0,0,0,0,0,0,0,0,5,5,0,32
2008-07-25,14:15,0,0,0,0,0,0,0,0,7,5,0,6,29
2008-07-25,14:20,0,0,0,0,0,0,0,9,5,0,4,3,39
2008-07-25,14:25,0,0,0,0,0,0,11,6,0,3,4,0,43
2008-07-25,14:30,0,0,0,0,0,14,8,0,3,6,0,3,49
2008-07-25,14:35,0,0,0,0,15,10,0,3,8,0,3,0,56
2008-07-25,14:40,0,0,0,17,11,0,2,10,0,6,0,0,63
2008-07-25,14:45,0,0,15,11,0,2,13,0,7,0,0,0,76
2008-07-25,14:50,0,11,11,0,1,15,0,10,0,0,0,4,87
2008-07-25,14:55,5,8,0,2,18,0,12,0,0,0,2,0,110
2008-07-25,15:00,3,0,1,19,0,14,0,0,0,1,0,0,132
2008-07-25,15:05,0,0,17,0,17,0,0,0,0,0,0,0,165
2008-07-25,15:10,1,13,0,17,0,0,0,0,0,0,0,0,214
2008-07-25,15:15,5,0,16,0,0,0,0,0,0,0,0,0,281
2008-07-25,15:20,0,12,0,0,0,0,0,0,0,0,0,0,352
2008-07-25,15:25,5,0,0,0,0,0,0,0,0,0,0,0,393
2008-07-25,15:30,0,0,0,0,0,0,0,0,0,0,0,7,375
2008-07-25,15:35,0,0,0,0,0,0,0,0,0,0,7,4,330
2008-07-25,15:40,0,0,0,0,0,0,0,0,0,9,3,4,268
2008-07-25,15:45,0,0,0,0,0,0,0,0,11,4,2,7,225
2008-07-25,15:50,0,0,0,0,0,0,0,15,3,3,6,6,207
2008-07-25,15:55,0,0,0,0,0,0,18,3,3,7,3,5,203
2008-07-25,16:00,0,0,0,0,0,21,3,4,5,4,6,6,202
2008-07-25,16:05,0,0,0,0,25,3,4,4,2,6,5,0,213
2008-07-25,16:10,0,0,0,26,2,6,4,3,6,5,0,1,219
2008-07-25,16:15,0,0,25,1,6,3,2,8,3,0,2,6,225
2008-07-25,16:20,0,18,1,6,3,1,11,5,0,1,4,2,234
2008-07-25,16:25,7,1,7,2,2,12,5,0,0,4,1,2,239
2008-07-25,16:30,1,4,2,1,15,7,0,0,0,1,1,5,248
2008-07-25,16:35,2,1,1,15,8,0,0,0,0,1,6,4,248
2008-07-25,16:40,1,0,14,8,0,0,0,0,0,7,4,4,244
2008-07-25,16:45,1,11,8,0,0,0,0,0,8,4,3,4,246
2008-07-25,16:50,4,6,0,0,0,0,0,11,2,2,2,2,251
2008-07-25,16:55,2,0,0,0,0,0,14,3,0,3,1,1,253
2008-07-25,17:00,0,0,0,0,0,17,2,0,0,1,1,6,247
2008-07-25,17:05,0,0,0,0,19,2,0,0,0,1,4,3,244
2008-07-25,17:10,0,0,0,20,1,0,0,0,0,3,2,6,250
2008-07-25,17:15,0,0,19,2,0,0,0,0,0,2,2,7,255
2008-07-25,17:20,0,13,1,0,0,0,0,0,0,2,2,5,260
2008-07-25,17:25,6,0,0,0,0,0,0,0,0,3,5,6,265
2008-07-25,17:30,1,0,0,0,0,0,0,0,0,6,6,12,252
2008-07-25,17:35,0,0,0,0,0,0,0,0,7,7,14,2,252
2008-07-25,17:40,0,0,0,0,0,0,0,9,8,16,1,8,250
2008-07-25,17:45,0,0,0,0,0,0,12,12,22,1,4,4,241
2008-07-25,17:50,0,0,0,0,0,14,14,25,0,3,3,3,243
2008-07-25,17:55,0,0,0,0,16,18,33,0,0,2,1,5,231
2008-07-25,18:00,0,0,0,16,19,40,0,0,0,1,3,14,214
2008-07-25,18:05,0,0,16,21,47,0,0,0,0,4,11,5,200
2008-07-25,18:10,0,11,19,48,0,0,0,0,3,11,2,8,189
2008-07-25,18:15,5,15,45,0,0,0,0,2,8,2,3,0,180
2008-07-25,18:20,6,32,0,0,0,0,2,7,0,3,0,5,164
2008-07-25,18:25,14,0,0,0,0,2,6,0,0,0,3,4,144
2008-07-25,18:30,0,0,0,0,2,6,0,0,0,2,2,4,134
2008-07-25,18:35,0,0,0,1,5,0,0,0,0,2,5,12,100
2008-07-25,18:40,0,0,1,3,0,0,0,0,0,6,6,4,89
2008-07-25,18:45,0,0,3,0,0,0,0,0,9,7,2,6,71
2008-07-25,18:50,1,2,0,0,0,0,0,13,3,1,3,4,70
2008-07-25,18:55,2,0,0,0,0,0,14,3,0,2,2,0,72
2008-07-25,19:00,0,0,0,0,0,18,3,0,0,1,0,7,69
2008-07-25,19:05,0,0,0,0,21,3,0,0,0,0,3,6,71
2008-07-25,19:10,0,0,0,22,2,0,0,0,0,3,7,0,74
2008-07-25,19:15,0,0,20,1,0,0,0,0,0,11,0,2,82
2008-07-25,19:20,0,15,1,0,0,0,0,0,14,0,1,0,87
2008-07-25,19:25,6,1,0,0,0,0,0,19,0,1,0,6,93
2008-07-25,19:30,1,0,0,0,0,0,23,0,0,0,4,0,99
2008-07-25,19:35,0,0,0,0,0,28,0,0,0,7,0,2,105
2008-07-25,19:40,0,0,0,0,33,0,0,0,7,0,0,0,110
2008-07-25,19:45,0,0,0,34,0,0,0,10,0,1,0,0,113
2008-07-25,19:50,0,0,32,0,0,0,12,0,0,0,0,0,109
2008-07-25,19:55,0,23,0,0,0,14,0,0,0,0,0,2,106
2008-07-25,20:00,9,0,0,0,17,0,0,0,0,0,1,2,96
2008-07-25,20:05,0,0,0,17,0,0,0,0,0,1,1,3,92
2008-07-25,20:10,0,0,16,0,0,0,0,0,0,1,5,0,82
2008-07-25,20:15,0,12,0,0,0,0,0,0,0,6,0,5,64
2008-07-25,20:20,5,0,0,0,0,0,0,0,9,0,2,1,55
2008-07-25,20:25,0,0,0,0,0,0,0,11,0,2,0,7,34
2008-07-25,20:30,0,0,0,0,0,0,14,0,0,1,3,0,31
2008-07-25,20:35,0,0,0,0,0,17,0,0,0,3,0,3,20
2008-07-25,20:40,0,0,0,0,19,0,0,0,0,0,1,0,19
2008-07-25,20:45,0,0,0,20,0,0,0,0,0,1,0,4,9
2008-07-25,20:50,0,0,19,0,0,0,0,0,0,0,2,0,8
2008-07-25,20:55,0,14,0,0,0,0,0,0,0,2,0,0,9
2008-07-25,21:00,6,0,0,0,0,0,0,0,0,0,0,0,7
2008-07-25,21:05,0,0,0,0,0,0,0,0,0,0,0,0,7
2008-07-25,21:10,0,0,0,0,0,0,0,0,0,0,0,0,6
2008-07-25,21:15,0,0,0,0,0,0,0,0,0,0,0,3,3
2008-07-25,21:20,0,0,0,0,0,0,0,0,0,0,4,0,4
2008-07-25,21:25,0,0,0,0,0,0,0,0,0,5,0,0,6
2008-07-25,21:30,0,0,0,0,0,0,0,0,7,0,0,1,4
2008-07-25,21:35,0,0,0,0,0,0,0,9,0,0,0,0,6
2008-07-25,21:40,0,0,0,0,0,0,11,0,0,1,0,0,8
2008-07-25,21:45,0,0,0,0,0,14,0,0,0,0,0,0,9
2008-07-25,21:50,0,0,0,0,15,0,0,0,0,0,0,0,12
2008-07-25,21:55,0,0,0,17,0,0,0,0,0,0,0,0,13
2008-07-25,22:00,0,0,15,0,0,0,0,0,0,0,0,0,15
2008-07-25,22:05,0,11,0,0,0,0,0,0,0,0,0,0,16
2008-07-25,22:10,5,0,0,0,0,0,0,0,0,0,0,0,17
2008-07-25,22:15,0,0,0,0,0,0,0,0,0,0,0,0,16
2008-07-25,22:20,0,0,0,0,0,0,0,0,0,0,0,0,15
2008-07-25,22:25,0,0,0,0,0,0,0,0,0,0,0,0,16
2008-07-25,22:30,0,0,0,0,0,0,0,0,0,0,0,0,14
2008-07-25,22:35,0,0,0,0,0,0,0,0,0,0,0,0,14
2008-07-25,22:40,0,0,0,0,0,0,0,0,0,0,0,0,11
2008-07-25,22:45,0,0,0,0,0,0,0,0,0,0,0,3,10
2008-07-25,22:50,0,0,0,0,0,0,0,0,0,0,2,0,12
2008-07-25,22:55,0,0,0,0,0,0,0,0,0,1,0,0,17
2008-07-25,23:00,0,0,0,0,0,0,0,0,0,0,0,0,20
2008-07-25,23:05,0,0,0,0,0,0,0,0,0,0,0,0,23
2008-07-25,23:10,0,0,0,0,0,0,0,0,0,0,0,0,25
2008-07-25,23:15,0,0,0,0,0,0,0,0,0,0,0,0,27
2008-07-25,23:20,0,0,0,0,0,0,0,0,0,0,0,0,28
2008-07-25,23:25,0,0,0,0,0,0,0,0,0,0,0,0,28
2008-07-25,23:30,0,0,0,0,0,0,0,0,0,0,0,0,27
2008-07-25,23:35,0,0,0,0,0,0,0,0,0,0,0,0,24
2008-07-25,23:40,0,0,0,0,0,0,0,0,0,0,0,0,22
2008-07-25,23:45,0,0,0,0,0,0,0,0,0,0,0,0,19
2008-07-25,23:50,0,0,0,0,0,0,0,0,0,0,0,4,12
2008-07-25,23:55,0,0,0,0,0,0,0,0,0,0,2,0,11
2008-07-26,00:00,0,0,0,0,0,0,0,0,0,1,0,0,10
2008-07-26,00:05,0,0,0,0,0,0,0,0,0,0,0,0,7
2008-07-26,00:10,0,0,0,0,0,0,0,0,0,0,0,0,6
2008-07-26,00:15,0,0,0,0,0,0,0,0,0,0,0,0,4
2008-07-26,00:20,0,0,0,0,0,0,0,0,0,0,0,2,2
2008-07-26,00:25,0,0,0,0,0,0,0,0,0,0,1,0,2
2008-07-26,00:30,0,0,0,0,0,0,0,0,0,1,0,0,3
2008-07-26,00:35,0,0,0,0,0,0,0,0,0,0,0,0,7
2008-07-26,00:40,0,0,0,0,0,0,0,0,0,0,0,0,9
2008-07-26,00:45,0,0,0,0,0,0,0,0,0,0,0,0,15
2008-07-26,00:50,0,0,0,0,0,0,0,0,0,0,0,0,17
2008-07-26,00:55,0,0,0,0,0,0,0,0,0,0,0,0,22
2008-07-26,01:00,0,0,0,0,0,0,0,0,0,0,0,0,28
2008-07-26,01:05,0,0,0,0,0,0,0,0,0,0,0,0,38
2008-07-26,01:10,0,0,0,0,0,0,0,0,0,0,0,0,44
2008-07-26,01:15,0,0,0,0,0,0,0,0,0,0,0,0,51
2008-07-26,01:20,0,0,0,0,0,0,0,0,0,0,0,0,57
2008-07-26,01:25,0,0,0,0,0,0,0,0,0,0,0,0,67
2008-07-26,01:30,0,0,0,0,0,0,0,0,0,0,0,0,70
2008-07-26,01:35,0,0,0,0,0,0,0,0,0,0,0,0,81
2008-07-26,01:40,0,0,0,0,0,0,0,0,0,0,0,0,85
2008-07-26,01:45,0,0,0,0,0,0,0,0,0,0,0,2,86
2008-07-26,01:50,0,0,0,0,0,0,0,0,0,0,1,0,95
2008-07-26,01:55,0,0,0,0,0,0,0,0,0,1,0,0,98
2008-07-26,02:00,0,0,0,0,0,0,0,0,0,0,0,4,99
2008-07-26,02:05,0,0,0,0,0,0,0,0,0,0,2,0,105
2008-07-26,02:10,0,0,0,0,0,0,0,0,0,2,0,2,108
2008-07-26,02:15,0,0,0,0,0,0,0,0,0,0,0,0,119
2008-07-26,02:20,0,0,0,0,0,0,0,0,0,1,0,0,120
2008-07-26,02:25,0,0,0,0,0,0,0,0,0,0,0,0,121
2008-07-26,02:30,0,0,0,0,0,0,0,0,0,0,0,7,123
2008-07-26,02:35,0,0,0,0,0,0,0,0,0,0,3,3,126
2008-07-26,02:40,0,0,0,0,0,0,0,0,0,3,1,0,137
2008-07-26,02:45,0,0,0,0,0,0,0,0,0,1,0,0,137
2008-07-26,02:50,0,0,0,0,0,0,0,0,0,0,0,2,146
2008-07-26,02:55,0,0,0,0,0,0,0,0,0,0,1,7,144
2008-07-26,03:00,0,0,0,0,0,0,0,0,0,1,6,8,150
2008-07-26,03:05,0,0,0,0,0,0,0,0,0,6,7,0,150
2008-07-26,03:10,0,0,0,0,0,0,0,0,5,9,0,0,158
2008-07-26,03:15,0,0,0,0,0,0,0,4,9,0,0,4,159
2008-07-26,03:20,0,0,0,0,0,0,4,12,0,0,2,0,159
2008-07-26,03:25,0,0,0,0,0,3,14,0,0,2,0,3,159
2008-07-26,03:30,0,0,0,0,3,18,0,0,0,0,1,2,168
2008-07-26,03:35,0,0,0,2,20,0,0,0,0,1,3,21,146
2008-07-26,03:40,0,0,2,21,0,0,0,0,0,3,19,7,149
2008-07-26,03:45,0,1,20,0,0,0,0,0,5,21,4,1,159
2008-07-26,03:50,1,15,0,0,0,0,0,6,23,4,1,3,170
2008-07-26,03:55,6,0,0,0,0,0,7,26,0,1,3,2,174
2008-07-26,04:00,0,0,0,0,0,9,30,0,0,5,1,2,183
2008-07-26,04:05,0,0,0,0,11,35,0,0,7,1,1,3,192
2008-07-26,04:10,0,0,0,11,36,0,0,9,0,1,2,0,199
2008-07-26,04:15,0,0,10,37,0,0,11,0,0,1,0,3,209
2008-07-26,04:20,0,8,35,0,0,13,0,0,0,0,2,0,220
2008-07-26,04:25,3,24,0,0,15,0,0,0,0,2,0,7,233
2008-07-26,04:30,12,0,0,16,0,0,0,0,0,0,3,7,232
2008-07-26,04:35,0,0,15,0,0,0,0,0,0,3,9,0,254
2008-07-26,04:40,0,11,0,0,0,0,0,0,0,11,0,7,257
2008-07-26,04:45,4,0,0,0,0,0,0,0,9,0,7,3,263
2008-07-26,04:50,0,0,0,0,0,0,0,12,0,10,4,7,272
2008-07-26,04:55,0,0,0,0,0,0,14,0,9,4,2,1,283
2008-07-26,05:00,0,0,0,0,0,16,0,10,3,3,1,0,291
2008-07-26,05:05,0,0,0,0,18,0,15,3,0,1,0,9,296
2008-07-26,05:10,0,0,0,20,0,17,3,0,0,0,7,6,296
2008-07-26,05:15,0,0,17,0,20,2,0,0,0,9,5,5,291
2008-07-26,05:20,0,11,0,21,2,0,0,0,8,3,2,2,302
2008-07-26,05:25,6,0,20,2,0,0,0,10,0,2,3,4,292
2008-07-26,05:30,0,15,1,0,0,0,13,0,0,4,3,2,288
2008-07-26,05:35,5,1,0,0,0,15,0,0,5,3,1,6,279
2008-07-26,05:40,1,0,0,0,18,0,0,6,0,1,4,4,277
2008-07-26,05:45,0,0,0,19,0,0,8,0,0,3,2,9,271
2008-07-26,05:50,0,0,17,0,0,10,0,0,0,1,5,8,265
2008-07-26,05:55,0,13,0,0,11,0,0,0,1,3,3,6,264
2008-07-26,06:00,5,0,0,12,0,0,0,0,0,3,4,5,268
2008-07-26,06:05,0,0,11,0,0,0,0,0,0,4,2,3,270
2008-07-26,06:10,0,8,0,0,0,0,0,0,3,2,2,6,268
2008-07-26,06:15,3,0,0,0,0,0,0,2,0,2,6,4,281
2008-07-26,06:20,0,0,0,0,0,0,2,0,0,4,2,8,296
2008-07-26,06:25,0,0,0,0,0,2,0,0,3,1,5,6,338
2008-07-26,06:30,0,0,0,0,2,0,0,2,1,5,4,3,421
2008-07-26,06:35,0,0,0,1,0,0,2,0,2,2,1,5,557
2008-07-26,06:40,0,0,1,0,0,2,0,3,0,1,2,0,703
2008-07-26,06:45,0,0,0,0,2,0,2,0,0,2,0,9,789
2008-07-26,06:50,1,0,0,1,0,1,0,0,0,0,3,0,785
2008-07-26,06:55,0,0,1,0,2,0,0,0,0,3,0,19,666
2008-07-26,07:00,0,0,0,1,0,0,0,0,0,0,14,15,546
2008-07-26,07:05,1,0,1,0,0,0,0,0,0,12,14,7,469
2008-07-26,07:10,0,0,0,0,0,0,0,0,13,15,4,4,407
2008-07-26,07:15,1,0,0,0,0,0,0,14,16,2,2,11,329
2008-07-26,07:20,0,0,0,0,0,0,15,17,0,2,8,3,263
2008-07-26,07:25,0,0,0,0,0,19,18,0,0,5,1,7,238
2008-07-26,07:30,0,0,0,0,18,20,0,0,4,1,3,15,226
2008-07-26,07:35,0,0,0,20,20,0,0,3,0,2,16,5,249
2008-07-26,07:40,0,0,18,21,0,0,3,0,0,16,2,0,313
2008-07-26,07:45,0,13,18,0,0,2,0,0,19,2,0,0,402
2008-07-26,07:50,6,13,0,0,2,0,0,19,0,0,0,9,485
2008-07-26,07:55,7,0,0,2,0,0,20,0,0,0,8,2,538
2008-07-26,08:00,0,0,1,0,0,22,0,0,0,8,2,3,507
2008-07-26,08:05,0,1,0,0,23,0,0,0,9,4,1,7,409
2008-07-26,08:10,1,0,0,23,0,0,0,11,5,1,4,8,307
2008-07-26,08:15,0,0,19,0,0,0,14,7,0,3,6,0,241
2008-07-26,08:20,0,13,0,0,0,17,8,0,0,3,0,0,208
2008-07-26,08:25,8,0,0,0,20,10,0,0,4,0,0,6,194
2008-07-26,08:30,0,0,0,20,12,0,0,2,0,0,4,9,189
2008-07-26,08:35,0,0,19,12,0,0,2,0,0,1,3,0,188
2008-07-26,08:40,0,14,11,0,0,2,0,0,1,2,0,7,187
2008-07-26,08:45,6,9,0,0,2,0,0,0,1,0,5,0,198
2008-07-26,08:50,3,0,0,1,0,0,0,0,0,3,0,4,195
2008-07-26,08:55,0,0,1,0,0,0,0,0,0,0,1,0,202
2008-07-26,09:00,0,0,0,0,0,0,0,0,0,2,0,10,199
2008-07-26,09:05,1,0,0,0,0,0,0,0,0,0,5,2,207
2008-07-26,09:10,0,0,0,0,0,0,0,0,0,2,1,0,217
2008-07-26,09:15,0,0,0,0,0,0,0,0,1,1,0,10,222
2008-07-26,09:20,0,0,0,0,0,0,0,0,0,0,7,2,222
2008-07-26,09:25,0,0,0,0,0,0,0,0,0,7,1,3,221
2008-07-26,09:30,0,0,0,0,0,0,0,0,4,1,1,10,225
2008-07-26,09:35,0,0,0,0,0,0,0,4,0,1,5,0,234
2008-07-26,09:40,0,0,0,0,0,0,4,0,0,8,0,5,230
2008-07-26,09:45,0,0,0,0,0,3,0,0,7,0,3,0,236
2008-07-26,09:50,0,0,0,0,3,0,0,6,0,3,0,12,229
2008-07-26,09:55,0,0,0,2,0,0,8,0,0,0,6,0,243
2008-07-26,10:00,0,0,2,0,0,9,0,0,0,5,0,0,261
2008-07-26,10:05,0,1,0,0,10,0,0,0,0,0,0,11,247
2008-07-26,10:10,1,0,0,9,0,0,0,0,0,0,6,9,253
2008-07-26,10:15,0,0,9,0,0,0,0,0,0,6,7,2,259
2008-07-26,10:20,0,6,0,0,0,0,0,0,5,8,1,0,262
2008-07-26,10:25,3,0,0,0,0,0,0,6,8,1,0,14,251
2008-07-26,10:30,0,0,0,0,0,0,8,10,0,0,12,2,246
2008-07-26,10:35,0,0,0,0,0,9,13,0,0,11,3,10,229
2008-07-26,10:40,0,0,0,0,11,15,0,0,9,2,6,8,232
2008-07-26,10:45,0,0,0,11,17,0,0,8,3,4,4,1,235
2008-07-26,10:50,0,0,10,19,0,0,8,2,0,3,1,1,238
2008-07-26,10:55,0,8,17,0,0,6,2,0,0,1,1,9,241
2008-07-26,11:00,3,13,0,0,5,1,0,0,0,1,6,4,239
2008-07-26,11:05,5,0,0,4,2,0,0,0,0,5,2,4,244
2008-07-26,11:10,0,0,4,1,0,0,0,0,3,2,3,0,256
2008-07-26,11:15,0,2,1,0,0,0,0,2,0,3,0,20,251
2008-07-26,11:20,2,1,0,0,0,0,2,0,0,0,20,16,240
2008-07-26,11:25,0,0,0,0,0,2,0,0,0,22,12,4,255
2008-07-26,11:30,0,0,0,0,2,0,0,0,22,12,6,28,226
2008-07-26,11:35,0,0,0,1,0,0,0,26,8,8,23,0,237
2008-07-26,11:40,0,0,1,0,0,0,27,7,10,25,0,16,220
2008-07-26,11:45,0,0,0,0,0,32,6,13,21,0,14,0,226
2008-07-26,11:50,1,0,0,0,33,6,17,18,0,13,0,11,210
2008-07-26,11:55,0,0,0,34,4,19,16,0,11,0,4,0,210
2008-07-26,12:00,0,0,30,4,24,15,0,9,0,6,1,16,187
2008-07-26,12:05,0,22,3,24,10,0,8,0,2,0,14,2,179
2008-07-26,12:10,11,2,22,10,0,7,0,3,0,17,1,10,157
2008-07-26,12:15,2,17,8,0,7,0,2,0,15,1,7,3,152
2008-07-26,12:20,7,5,0,4,0,1,0,17,0,6,2,8,137
2008-07-26,12:25,5,0,4,0,2,0,19,0,3,1,6,0,128
2008-07-26,12:30,0,2,0,1,0,20,0,3,0,7,0,10,116
2008-07-26,12:35,3,0,1,0,21,0,2,0,8,0,7,0,119
2008-07-26,12:40,0,0,0,21,0,2,0,9,0,8,0,8,119
2008-07-26,12:45,1,0,19,0,2,0,11,0,7,0,3,3,147
2008-07-26,12:50,0,14,0,2,0,15,0,9,0,3,1,0,197
2008-07-26,12:55,7,0,1,0,16,0,12,0,0,1,0,1,247
2008-07-26,13:00,0,0,0,17,0,14,0,0,0,0,1,5,280
2008-07-26,13:05,1,0,16,0,16,0,0,0,0,1,2,3,265
2008-07-26,13:10,0,11,0,16,0,0,0,0,0,2,4,3,206
2008-07-26,13:15,5,0,16,0,0,0,0,0,0,5,1,5,145
2008-07-26,13:20,0,11,0,0,0,0,0,0,5,1,3,0,111
2008-07-26,13:25,5,0,0,0,0,0,0,6,0,4,0,0,111
2008-07-26,13:30,0,0,0,0,0,0,8,0,2,0,0,0,110
2008-07-26,13:35,0,0,0,0,0,10,0,3,0,0,0,3,122
2008-07-26,13:40,0,0,0,0,12,0,2,0,0,0,2,8,130
2008-07-26,13:45,0,0,0,12,0,1,0,0,0,3,6,0,144
2008-07-26,13:50,0,0,11,0,2,0,0,0,3,7,0,0,157
2008-07-26,13:55,0,8,0,1,0,0,0,2,8,0,0,0,171
2008-07-26,14:00,3,0,1,0,0,0,2,9,0,0,0,4,176
2008-07-26,14:05,0,0,0,0,0,2,13,0,0,0,5,0,187
2008-07-26,14:10,1,0,0,0,2,14,0,0,0,7,0,0,210
2008-07-26,14:15,0,0,0,1,17,0,0,0,7,0,0,4,240
2008-07-26,14:20,0,0,1,18,0,0,0,9,0,0,2,4,288
2008-07-26,14:25,0,0,17,0,0,0,12,0,0,2,5,6,335
2008-07-26,14:30,1,12,0,0,0,15,0,0,0,6,3,7,370
2008-07-26,14:35,5,0,0,0,16,0,0,0,9,1,5,3,356
2008-07-26,14:40,0,0,0,17,0,0,0,12,1,7,1,5,306
2008-07-26,14:45,0,0,16,0,0,0,15,0,8,1,2,5,249
2008-07-26,14:50,0,12,0,0,0,18,0,9,0,1,3,4,206
2008-07-26,14:55,5,0,0,0,20,0,11,0,0,1,5,3,201
2008-07-26,15:00,0,0,0,22,0,15,0,0,1,3,1,10,198
2008-07-26,15:05,0,0,20,0,16,0,0,0,3,1,10,4,208
2008-07-26,15:10,0,15,0,17,0,0,0,2,0,10,4,0,214
2008-07-26,15:15,6,0,16,0,0,0,2,0,10,2,0,8,214
2008-07-26,15:20,0,11,0,0,0,2,0,11,3,0,3,0,225
2008-07-26,15:25,5,0,0,0,2,0,10,2,0,3,0,4,235
2008-07-26,15:30,0,0,0,1,0,10,2,0,0,0,3,8,239
2008-07-26,15:35,0,0,1,0,10,2,0,0,0,1,6,0,246
2008-07-26,15:40,0,0,0,9,2,0,0,0,0,7,0,8,252
2008-07-26,15:45,1,0,7,1,0,0,0,0,7,0,4,0,260
2008-07-26,15:50,0,6,1,0,0,0,0,9,0,3,0,0,275
2008-07-26,15:55,3,0,0,0,0,0,11,0,0,0,0,10,273
2008-07-26,16:00,1,0,0,0,0,14,0,0,0,0,8,8,275
2008-07-26,16:05,0,0,0,0,15,0,0,0,0,8,7,3,280
2008-07-26,16:10,0,0,0,17,0,0,0,0,7,4,2,4,290
2008-07-26,16:15,0,0,15,0,0,0,0,9,3,1,2,1,291
2008-07-26,16:20,0,11,0,0,0,0,11,2,0,2,1,0,297
2008-07-26,16:25,5,0,0,0,0,13,2,0,0,1,0,9,289
2008-07-26,16:30,0,0,0,0,15,2,0,0,0,0,4,3,284
2008-07-26,16:35,0,0,0,16,2,0,0,0,0,5,2,5,283
2008-07-26,16:40,0,0,15,1,0,0,0,0,0,2,4,9,282
2008-07-26,16:45,0,11,1,0,0,0,0,0,0,3,5,2,281
2008-07-26,16:50,4,0,0,0,0,0,0,0,3,3,2,18,263
2008-07-26,16:55,1,0,0,0,0,0,0,3,0,2,13,4,272
2008-07-26,17:00,0,0,0,0,0,0,2,0,0,12,2,7,268
2008-07-26,17:05,0,0,0,0,0,2,0,0,9,2,7,8,262
2008-07-26,17:10,0,0,0,0,1,0,0,8,0,7,6,3,279
2008-07-26,17:15,0,0,0,2,0,0,7,0,6,4,1,7,282
2008-07-26,17:20,0,0,1,0,0,6,0,5,3,2,4,9,283
2008-07-26,17:25,0,0,0,0,5,0,5,2,0,3,5,5,299
2008-07-26,17:30,1,0,0,4,0,4,2,0,0,7,4,14,296
2008-07-26,17:35,0,0,3,0,3,2,0,0,7,3,13,0,315
2008-07-26,17:40,0,2,0,3,2,0,0,9,3,17,0,5,312
2008-07-26,17:45,2,0,2,1,0,0,11,3,18,0,2,1,312
2008-07-26,17:50,0,2,1,0,0,13,2,23,0,2,1,20,298
2008-07-26,17:55,1,0,0,0,15,2,30,0,0,1,15,0,303
2008-07-26,18:00,1,0,0,17,1,36,0,0,0,13,0,14,288
2008-07-26,18:05,0,0,15,2,42,0,0,0,9,0,12,6,275
2008-07-26,18:10,0,10,1,43,0,0,0,8,0,11,3,10,265
2008-07-26,18:15,5,0,41,0,0,0,8,0,8,2,9,2,254
2008-07-26,18:20,1,29,0,0,0,6,0,8,1,8,1,4,241
2008-07-26,18:25,13,0,0,0,5,0,6,0,6,1,3,9,226
2008-07-26,18:30,0,0,0,4,0,6,0,6,0,2,4,11,218
2008-07-26,18:35,0,0,4,0,4,0,5,0,0,3,7,7,207
2008-07-26,18:40,0,2,0,4,0,4,0,0,0,9,3,3,203
2008-07-26,18:45,2,0,3,0,4,0,0,0,7,2,1,3,197
2008-07-26,18:50,0,2,0,3,0,0,0,10,0,1,2,2,190
2008-07-26,18:55,2,0,2,0,0,0,12,0,0,2,1,3,186
2008-07-26,19:00,0,2,0,0,0,15,0,0,0,1,1,9,166
2008-07-26,19:05,1,0,0,0,17,0,0,0,0,1,5,4,168
2008-07-26,19:10,0,0,0,18,0,0,0,0,0,4,5,14,147
2008-07-26,19:15,0,0,17,0,0,0,0,0,0,6,14,4,133
2008-07-26,19:20,0,12,0,0,0,0,0,0,9,14,2,2,128
2008-07-26,19:25,5,0,0,0,0,0,0,12,15,2,1,11,114
2008-07-26,19:30,0,0,0,0,0,0,14,17,0,1,5,2,117
2008-07-26,19:35,0,0,0,0,0,18,18,0,0,4,1,0,115
2008-07-26,19:40,0,0,0,0,20,20,0,0,0,1,0,4,112
2008-07-26,19:45,0,0,0,22,20,0,0,0,0,0,4,3,108
2008-07-26,19:50,0,0,19,20,0,0,0,0,0,4,2,0,101
2008-07-26,19:55,0,15,19,0,0,0,0,0,5,1,0,5,91
2008-07-26,20:00,6,13,0,0,0,0,0,6,0,0,3,0,88
2008-07-26,20:05,7,0,0,0,0,0,7,0,0,2,0,0,78
2008-07-26,20:10,0,0,0,0,0,9,0,0,0,0,0,4,65
2008-07-26,20:15,0,0,0,0,11,0,0,0,0,0,2,0,62
2008-07-26,20:20,0,0,0,11,0,0,0,0,0,2,0,6,51
2008-07-26,20:25,0,0,10,0,0,0,0,0,0,0,3,12,39
2008-07-26,20:30,0,8,0,0,0,0,0,0,0,3,10,0,39
2008-07-26,20:35,3,0,0,0,0,0,0,0,0,10,0,2,37
2008-07-26,20:40,0,0,0,0,0,0,0,0,9,0,1,0,33
2008-07-26,20:45,0,0,0,0,0,0,0,8,0,1,0,0,32
2008-07-26,20:50,0,0,0,0,0,0,7,0,0,0,0,0,30
2008-07-26,20:55,0,0,0,0,0,6,0,0,0,0,0,13,15
2008-07-26,21:00,0,0,0,0,5,0,0,0,0,0,12,0,14
2008-07-26,21:05,0,0,0,4,0,0,0,0,0,11,0,0,10
2008-07-26,21:10,0,0,3,0,0,0,0,0,10,0,0,5,6
2008-07-26,21:15,0,2,0,0,0,0,0,9,0,0,5,0,4
2008-07-26,21:20,2,0,0,0,0,0,8,0,0,6,0,0,5
2008-07-26,21:25,0,0,0,0,0,7,0,0,7,0,0,0,10
2008-07-26,21:30,0,0,0,0,6,0,0,10,0,0,0,3,13
2008-07-26,21:35,0,0,0,5,0,0,12,0,0,0,4,0,31
2008-07-26,21:40,0,0,3,0,0,15,0,0,0,5,0,0,65
2008-07-26,21:45,0,3,0,0,16,0,0,0,8,0,0,0,117
2008-07-26,21:50,2,0,0,18,0,0,0,9,0,0,1,0,173
2008-07-26,21:55,0,0,16,0,0,0,11,0,0,0,0,0,206
2008-07-26,22:00,0,12,0,0,0,15,0,0,0,0,0,0,191
2008-07-26,22:05,5,0,0,0,16,0,0,0,0,0,0,0,134
2008-07-26,22:10,0,0,0,17,0,0,0,0,0,0,0,0,68
2008-07-26,22:15,0,0,16,0,0,0,0,0,0,0,0,0,33
2008-07-26,22:20,0,11,0,0,0,0,0,0,0,0,0,0,21
2008-07-26,22:25,5,0,0,0,0,0,0,0,0,0,0,0,29
2008-07-26,22:30,0,0,0,0,0,0,0,0,0,0,0,0,61
2008-07-26,22:35,0,0,0,0,0,0,0,0,0,0,0,0,107
2008-07-26,22:40,0,0,0,0,0,0,0,0,0,0,0,0,156
2008-07-26,22:45,0,0,0,0,0,0,0,0,0,0,0,0,186
2008-07-26,22:50,0,0,0,0,0,0,0,0,0,0,0,0,174
2008-07-26,22:55,0,0,0,0,0,0,0,0,0,0,0,0,129
2008-07-26,23:00,0,0,0,0,0,0,0,0,0,0,0,0,80
2008-07-26,23:05,0,0,0,0,0,0,0,0,0,0,0,0,50
2008-07-26,23:10,0,0,0,0,0,0,0,0,0,0,0,0,39
2008-07-26,23:15,0,0,0,0,0,0,0,0,0,0,0,0,34
2008-07-26,23:20,0,0,0,0,0,0,0,0,0,0,0,0,39
2008-07-26,23:25,0,0,0,0,0,0,0,0,0,0,0,0,41
2008-07-26,23:30,0,0,0,0,0,0,0,0,0,0,0,0,49
2008-07-26,23:35,0,0,0,0,0,0,0,0,0,0,0,0,52
2008-07-26,23:40,0,0,0,0,0,0,0,0,0,0,0,4,56
2008-07-26,23:45,0,0,0,0,0,0,0,0,0,0,2,0,63
2008-07-26,23:50,0,0,0,0,0,0,0,0,0,1,0,0,69
2008-07-26,23:55,0,0,0,0,0,0,0,0,0,0,0,0,72
2008-07-27,00:00,0,0,0,0,0,0,0,0,0,0,0,0,70
2008-07-27,00:05,0,0,0,0,0,0,0,0,0,0,0,0,71
2008-07-27,00:10,0,0,0,0,0,0,0,0,0,0,0,0,65
2008-07-27,00:15,0,0,0,0,0,0,0,0,0,0,0,0,59
2008-07-27,00:20,0,0,0,0,0,0,0,0,0,0,0,0,50
2008-07-27,00:25,0,0,0,0,0,0,0,0,0,0,0,4,39
2008-07-27,00:30,0,0,0,0,0,0,0,0,0,0,3,6,28
2008-07-27,00:35,0,0,0,0,0,0,0,0,0,1,3,0,26
2008-07-27,00:40,0,0,0,0,0,0,0,0,0,1,0,0,25
2008-07-27,00:45,0,0,0,0,0,0,0,0,1,0,0,2,21
2008-07-27,00:50,0,0,0,0,0,0,0,0,0,0,1,0,22
2008-07-27,00:55,0,0,0,0,0,0,0,0,0,1,0,2,18
2008-07-27,01:00,0,0,0,0,0,0,0,0,0,0,1,0,20
2008-07-27,01:05,0,0,0,0,0,0,0,0,0,1,0,0,23
2008-07-27,01:10,0,0,0,0,0,0,0,0,0,0,0,0,22
2008-07-27,01:15,0,0,0,0,0,0,0,0,0,0,0,0,23
2008-07-27,01:20,0,0,0,0,0,0,0,0,0,0,0,0,24
2008-07-27,01:25,0,0,0,0,0,0,0,0,0,0,0,0,27
2008-07-27,01:30,0,0,0,0,0,0,0,0,0,0,0,3,24
2008-07-27,01:35,0,0,0,0,0,0,0,0,0,0,1,0,32
2008-07-27,01:40,0,0,0,0,0,0,0,0,0,1,0,0,35
2008-07-27,01:45,0,0,0,0,0,0,0,0,0,0,0,0,40
2008-07-27,01:50,0,0,0,0,0,0,0,0,0,0,0,0,47
2008-07-27,01:55,0,0,0,0,0,0,0,0,0,0,0,0,51
2008-07-27,02:00,0,0,0,0,0,0,0,0,0,0,0,0,60
2008-07-27,02:05,0,0,0,0,0,0,0,0,0,0,0,0,67
2008-07-27,02:10,0,0,0,0,0,0,0,0,0,0,0,14,59
2008-07-27,02:15,0,0,0,0,0,0,0,0,0,0,12,0,70
2008-07-27,02:20,0,0,0,0,0,0,0,0,0,12,0,0,82
2008-07-27,02:25,0,0,0,0,0,0,0,0,11,0,0,0,95
2008-07-27,02:30,0,0,0,0,0,0,0,11,0,0,0,4,104
2008-07-27,02:35,0,0,0,0,0,0,9,0,0,0,2,0,123
2008-07-27,02:40,0,0,0,0,0,8,0,0,0,2,0,0,139
2008-07-27,02:45,0,0,0,0,6,0,0,0,0,0,0,3,152
2008-07-27,02:50,0,0,0,5,0,0,0,0,0,0,4,0,172
2008-07-27,02:55,0,0,5,0,0,0,0,0,0,6,0,0,184
2008-07-27,03:00,0,3,0,0,0,0,0,0,9,0,0,2,192
2008-07-27,03:05,2,0,0,0,0,0,0,10,0,0,1,0,202
2008-07-27,03:10,0,0,0,0,0,0,14,0,0,1,0,2,217
2008-07-27,03:15,0,0,0,0,0,16,0,0,0,0,1,3,222
2008-07-27,03:20,0,0,0,0,19,0,0,0,0,1,1,4,235
2008-07-27,03:25,0,0,0,20,0,0,0,0,0,1,2,5,240
2008-07-27,03:30,0,0,18,0,0,0,0,0,0,2,2,11,246
2008-07-27,03:35,0,13,0,0,0,0,0,0,0,2,10,6,252
2008-07-27,03:40,6,0,0,0,0,0,0,0,0,10,6,12,261
2008-07-27,03:45,0,0,0,0,0,0,0,0,8,8,10,5,258
2008-07-27,03:50,0,0,0,0,0,0,0,8,7,9,4,2,263
2008-07-27,03:55,0,0,0,0,0,0,7,9,8,3,1,4,265
2008-07-27,04:00,0,0,0,0,0,6,12,8,3,1,4,4,262
2008-07-27,04:05,0,0,0,0,5,14,7,2,0,6,2,17,244
2008-07-27,04:10,0,0,0,4,16,5,2,0,7,2,15,2,247
2008-07-27,04:15,0,0,3,18,5,2,0,9,0,14,1,8,237
2008-07-27,04:20,0,2,16,4,2,0,11,0,11,0,4,0,250
2008-07-27,04:25,2,11,3,1,0,13,0,9,0,4,0,16,243
2008-07-27,04:30,5,2,1,0,15,0,9,0,0,0,10,8,242
2008-07-27,04:35,2,0,0,16,0,8,0,0,0,11,8,4,250
2008-07-27,04:40,1,0,15,0,6,0,0,0,6,10,2,7,258
2008-07-27,04:45,0,11,0,5,0,0,0,5,11,2,6,5,264
2008-07-27,04:50,4,0,4,0,0,0,5,11,0,7,4,5,276
2008-07-27,04:55,0,3,0,0,0,4,14,0,7,3,2,2,287
2008-07-27,05:00,2,0,0,0,4,17,0,9,3,2,1,3,294
2008-07-27,05:05,0,0,0,3,19,0,11,2,0,1,2,10,292
2008-07-27,05:10,0,0,2,19,0,14,2,0,0,1,8,1,305
2008-07-27,05:15,0,2,17,0,15,2,0,0,0,9,2,5,301
2008-07-27,05:20,1,12,0,17,2,0,0,0,7,1,3,0,306
2008-07-27,05:25,6,0,15,1,0,0,0,9,0,4,0,9,288
2008-07-27,05:30,0,11,1,0,0,0,12,0,2,0,5,8,280
2008-07-27,05:35,5,0,0,0,0,14,0,3,0,8,5,5,269
2008-07-27,05:40,1,0,0,0,16,0,2,0,5,4,2,8,269
2008-07-27,05:45,0,0,0,16,0,2,0,7,3,2,3,7,269
2008-07-27,05:50,0,0,16,0,1,0,8,2,0,3,4,6,268
2008-07-27,05:55,0,11,0,2,0,10,2,0,0,3,3,9,274
2008-07-27,06:00,5,0,1,0,11,2,0,0,0,2,6,6,276
2008-07-27,06:05,0,0,0,12,2,0,0,0,0,5,3,13,271
2008-07-27,06:10,1,0,11,1,0,0,0,0,2,3,13,19,256
2008-07-27,06:15,0,9,1,0,0,0,0,3,0,12,20,0,253
2008-07-27,06:20,3,0,0,0,0,0,2,0,13,19,0,14,231
2008-07-27,06:25,1,0,0,0,0,2,0,11,18,0,10,3,213
2008-07-27,06:30,0,0,0,0,2,0,10,20,0,10,3,15,196
2008-07-27,06:35,0,0,0,2,0,9,20,0,6,3,11,9,190
2008-07-27,06:40,0,0,1,0,7,20,0,7,3,11,5,7,182
2008-07-27,06:45,0,0,0,5,22,0,6,2,8,3,4,4,185
2008-07-27,06:50,1,0,6,19,0,4,2,8,0,3,2,4,189
2008-07-27,06:55,0,2,19,0,5,2,6,0,0,2,2,8,183
2008-07-27,07:00,3,13,0,3,2,6,0,0,0,2,10,2,178
2008-07-27,07:05,7,0,3,1,4,0,0,0,0,11,1,5,184
2008-07-27,07:10,0,1,1,4,0,0,0,0,14,1,2,2,180
2008-07-27,07:15,2,0,3,0,0,0,0,17,0,2,1,4,182
2008-07-27,07:20,1,2,0,0,0,0,20,0,0,1,2,4,176
2008-07-27,07:25,2,0,0,0,0,24,0,0,0,2,4,3,177
2008-07-27,07:30,0,0,0,0,27,0,0,0,0,4,1,5,168
2008-07-27,07:35,0,0,0,27,0,0,0,0,5,1,6,7,159
2008-07-27,07:40,0,0,26,0,0,0,0,6,0,7,3,6,157
2008-07-27,07:45,0,18,0,0,0,0,8,0,8,3,6,4,141
2008-07-27,07:50,8,0,0,0,0,9,0,10,0,8,3,3,136
2008-07-27,07:55,0,0,0,0,11,0,13,0,10,1,4,4,121
2008-07-27,08:00,0,0,0,12,0,16,0,11,0,7,4,11,113
2008-07-27,08:05,0,0,10,0,18,0,13,0,8,5,5,0,112
2008-07-27,08:10,0,8,0,19,0,16,0,11,4,5,0,5,112
2008-07-27,08:15,3,0,18,0,17,0,13,7,0,0,2,2,107
2008-07-27,08:20,0,13,0,18,0,17,8,0,0,2,1,0,135
2008-07-27,08:25,5,0,16,0,19,9,0,0,0,0,0,0,133
2008-07-27,08:30,0,11,0,19,11,0,0,0,0,0,0,0,142
2008-07-27,08:35,6,0,19,12,0,0,0,0,0,0,0,8,136
2008-07-27,08:40,0,13,11,0,0,0,0,0,0,0,4,7,133
2008-07-27,08:45,6,8,0,0,0,0,0,0,0,5,2,3,142
2008-07-27,08:50,3,0,0,0,0,0,0,0,3,3,2,0,153
2008-07-27,08:55,0,0,0,0,0,0,0,2,0,3,0,2,152
2008-07-27,09:00,0,0,0,0,0,0,2,0,2,0,2,0,164
2008-07-27,09:05,0,0,0,0,0,2,0,3,0,1,0,7,169
2008-07-27,09:10,0,0,0,0,2,0,2,0,0,0,5,0,174
2008-07-27,09:15,0,0,0,1,0,1,0,0,0,7,0,2,182
2008-07-27,09:20,0,0,1,0,2,0,0,0,8,0,1,0,192
2008-07-27,09:25,0,0,0,1,0,0,0,9,0,1,0,13,187
2008-07-27,09:30,1,0,1,0,0,0,11,0,0,0,12,4,193
2008-07-27,09:35,0,0,0,0,0,15,0,0,0,10,4,2,201
2008-07-27,09:40,1,0,0,0,16,0,0,0,9,3,1,3,210
2008-07-27,09:45,0,0,0,17,0,0,0,8,3,1,4,6,205
2008-07-27,09:50,0,0,16,0,0,0,8,2,0,5,4,5,212
2008-07-27,09:55,0,11,0,0,0,6,2,0,7,2,4,6,208
2008-07-27,10:00,5,0,0,0,5,2,0,10,1,3,3,3,206
2008-07-27,10:05,0,0,0,4,2,0,12,0,3,4,3,9,204
2008-07-27,10:10,0,0,4,1,0,15,0,3,3,3,3,9,202
2008-07-27,10:15,0,2,1,0,16,0,2,2,3,4,10,2,201
2008-07-27,10:20,2,0,0,18,0,2,2,3,0,11,1,8,190
2008-07-27,10:25,1,0,16,0,2,2,2,0,11,1,4,3,195
2008-07-27,10:30,0,12,0,1,2,2,0,13,0,3,4,1,190
2008-07-27,10:35,5,0,2,1,2,0,15,0,0,5,1,4,193
2008-07-27,10:40,0,0,1,1,0,17,0,0,8,1,2,4,188
2008-07-27,10:45,1,0,2,0,18,0,0,9,0,2,2,4,193
2008-07-27,10:50,1,0,0,19,0,0,11,0,0,2,2,1,189
2008-07-27,10:55,1,0,17,0,0,15,0,0,0,2,1,6,204
2008-07-27,11:00,0,12,0,0,16,0,0,0,0,1,3,4,215
2008-07-27,11:05,6,0,0,17,0,0,0,0,0,3,3,3,229
2008-07-27,11:10,0,0,16,0,0,0,0,0,0,3,2,1,245
2008-07-27,11:15,0,11,0,0,0,0,0,0,2,2,1,15,253
2008-07-27,11:20,5,0,0,0,0,0,0,3,0,1,16,13,253
2008-07-27,11:25,0,0,0,0,0,0,3,0,2,20,11,6,268
2008-07-27,11:30,0,0,0,0,0,4,0,3,21,10,7,19,261
2008-07-27,11:35,0,0,0,0,5,0,3,25,8,8,15,8,265
2008-07-27,11:40,0,0,0,5,0,4,29,8,10,15,9,27,238
2008-07-27,11:45,0,0,4,0,5,32,7,13,13,8,27,0,243
2008-07-27,11:50,0,4,0,5,35,5,17,11,8,25,0,8,226
2008-07-27,11:55,1,0,4,36,5,19,10,7,21,0,6,5,218
2008-07-27,12:00,0,4,33,4,23,9,6,22,0,7,5,5,205
2008-07-27,12:05,1,24,3,24,6,6,18,0,6,4,2,7,191
2008-07-27,12:10,11,2,22,6,5,15,0,9,3,2,3,17,169
2008-07-27,12:15,2,17,5,3,14,0,11,2,0,3,17,0,166
2008-07-27,12:20,6,3,3,10,0,14,3,0,0,18,0,14,150
2008-07-27,12:25,3,2,8,0,15,2,0,0,16,0,9,3,143
2008-07-27,12:30,2,6,0,16,1,0,0,18,0,12,1,18,131
2008-07-27,12:35,5,0,15,2,0,0,21,0,12,1,14,0,129
2008-07-27,12:40,0,11,1,0,0,21,0,16,0,14,0,6,134
2008-07-27,12:45,5,0,0,0,23,0,20,0,13,0,2,3,134
2008-07-27,12:50,1,0,0,23,0,23,0,15,0,2,3,8,135
2008-07-27,12:55,0,0,20,0,28,0,17,0,0,2,4,2,145
2008-07-27,13:00,0,15,0,29,0,18,0,0,3,5,1,12,137
2008-07-27,13:05,7,0,26,0,20,0,0,3,5,1,11,0,136
2008-07-27,13:10,0,20,0,19,0,0,2,5,0,10,0,0,141
2008-07-27,13:15,8,0,18,0,0,2,7,0,11,0,0,5,130
2008-07-27,13:20,0,13,0,0,1,9,0,10,0,0,3,2,123
2008-07-27,13:25,6,0,0,2,10,0,10,0,0,4,1,3,117
2008-07-27,13:30,0,0,1,10,0,10,0,0,3,1,1,4,108
2008-07-27,13:35,0,0,10,0,9,0,0,2,0,1,4,14,91
2008-07-27,13:40,1,7,0,9,0,0,2,0,0,4,11,3,85
2008-07-27,13:45,3,0,7,0,0,2,0,0,5,11,2,2,85
2008-07-27,13:50,0,6,0,0,2,0,0,6,9,1,1,3,79
2008-07-27,13:55,3,0,0,1,0,0,8,8,0,1,1,2,81
2008-07-27,14:00,0,0,1,0,0,9,7,0,0,1,1,3,80
2008-07-27,14:05,0,0,0,0,11,6,0,0,0,1,4,2,79
2008-07-27,14:10,1,0,0,12,5,0,0,0,0,5,1,0,84
2008-07-27,14:15,0,0,10,4,0,0,0,0,8,1,0,15,67
2008-07-27,14:20,0,8,3,0,0,0,0,9,0,0,13,6,70
2008-07-27,14:25,3,2,0,0,0,0,12,0,0,11,5,2,71
2008-07-27,14:30,2,0,0,0,0,15,0,0,11,7,1,5,77
2008-07-27,14:35,0,0,0,0,17,0,0,11,8,1,7,0,84
2008-07-27,14:40,0,0,0,18,0,0,9,11,0,10,0,0,92
2008-07-27,14:45,0,0,16,0,0,7,13,0,13,0,0,0,99
2008-07-27,14:50,0,12,0,0,6,16,0,17,0,0,0,7,110
2008-07-27,14:55,5,0,0,6,18,0,21,0,0,0,3,2,123
2008-07-27,15:00,0,0,4,19,0,27,0,0,0,2,3,0,143
2008-07-27,15:05,0,2,18,0,30,0,0,0,0,2,0,5,156
2008-07-27,15:10,3,14,0,32,0,0,0,0,3,0,4,5,178
2008-07-27,15:15,5,0,29,0,0,0,0,2,0,4,4,0,194
2008-07-27,15:20,0,22,0,0,0,0,2,0,3,5,0,1,219
2008-07-27,15:25,8,0,0,0,0,2,0,2,4,0,1,0,232
2008-07-27,15:30,0,0,0,0,2,0,3,5,0,1,0,6,247
2008-07-27,15:35,0,0,0,1,0,2,3,0,0,0,5,0,261
2008-07-27,15:40,0,0,1,0,1,3,0,0,0,6,0,2,272
2008-07-27,15:45,0,0,0,2,3,0,0,0,7,0,2,11,273
2008-07-27,15:50,1,0,1,2,0,0,0,10,0,1,8,0,284
2008-07-27,15:55,0,0,2,0,0,0,11,0,2,6,0,9,295
2008-07-27,16:00,1,1,0,0,0,14,0,3,5,0,7,6,297
2008-07-27,16:05,1,0,0,0,16,0,3,5,0,6,6,6,305
2008-07-27,16:10,0,0,0,17,0,4,4,0,3,6,2,1,306
2008-07-27,16:15,0,0,16,0,4,3,0,5,7,2,1,3,322
2008-07-27,16:20,0,11,0,5,3,0,5,9,0,1,2,3,319
2008-07-27,16:25,5,0,4,2,0,7,12,0,0,2,2,15,305
2008-07-27,16:30,0,4,2,0,8,14,0,0,0,2,13,2,303
2008-07-27,16:35,1,1,0,8,16,0,0,0,0,15,1,11,286
2008-07-27,16:40,1,0,8,16,0,0,0,0,13,1,5,4,279
2008-07-27,16:45,0,6,16,0,0,0,0,14,0,5,2,5,271
2008-07-27,16:50,2,11,0,0,0,0,15,0,0,2,4,6,258
2008-07-27,16:55,5,0,0,0,0,15,0,0,0,3,2,5,254
2008-07-27,17:00,0,0,0,0,15,0,0,0,0,2,4,8,233
2008-07-27,17:05,0,0,0,15,0,0,0,0,0,4,4,2,230
2008-07-27,17:10,0,0,13,0,0,0,0,0,3,4,1,4,219
2008-07-27,17:15,0,10,0,0,0,0,0,2,0,1,2,10,210
2008-07-27,17:20,5,0,0,0,0,0,3,0,0,2,5,10,198
2008-07-27,17:25,0,0,0,0,0,2,0,0,0,4,7,3,214
2008-07-27,17:30,0,0,0,0,1,0,0,0,2,10,3,10,219
2008-07-27,17:35,0,0,0,2,0,0,0,3,8,3,11,2,254
2008-07-27,17:40,0,0,1,0,0,0,3,11,2,12,1,5,314
2008-07-27,17:45,0,0,0,0,0,4,13,3,14,1,2,4,371
2008-07-27,17:50,1,0,0,0,4,17,2,19,0,3,5,6,408
2008-07-27,17:55,0,0,0,5,19,2,23,0,0,4,2,6,378
2008-07-27,18:00,0,0,4,19,2,28,0,0,4,2,5,14,295
2008-07-27,18:05,0,4,19,2,32,0,0,3,0,7,10,3,207
2008-07-27,18:10,1,13,1,33,0,0,2,0,7,11,2,6,142
2008-07-27,18:15,6,0,32,0,0,3,0,9,8,3,3,0,125
2008-07-27,18:20,1,22,0,0,2,0,11,7,2,3,0,2,106
2008-07-27,18:25,10,0,0,1,0,13,7,3,0,0,2,0,104
2008-07-27,18:30,0,0,1,0,15,6,2,0,0,2,0,4,106
2008-07-27,18:35,0,1,0,17,4,1,0,0,0,0,3,5,101
2008-07-27,18:40,1,0,15,4,2,0,0,0,0,1,4,2,100
2008-07-27,18:45,0,10,3,1,0,0,0,0,0,6,3,6,97
2008-07-27,18:50,5,2,1,0,0,0,0,0,7,2,5,8,95
2008-07-27,18:55,2,0,0,0,0,0,0,9,3,6,5,0,102
2008-07-27,19:00,1,0,0,0,0,0,11,2,7,3,0,0,109
2008-07-27,19:05,0,0,0,0,0,13,2,8,2,0,0,3,112
2008-07-27,19:10,0,0,0,0,15,2,12,3,0,0,4,1,112
2008-07-27,19:15,0,0,0,17,2,13,3,0,0,6,1,3,112
2008-07-27,19:20,0,0,15,1,16,4,0,0,8,1,1,0,114
2008-07-27,19:25,0,10,1,16,4,0,0,10,0,1,0,4,111
2008-07-27,19:30,5,0,15,5,0,0,12,0,0,0,2,2,103
2008-07-27,19:35,1,11,4,0,0,15,0,0,0,2,1,2,101
2008-07-27,19:40,5,4,0,0,18,0,0,0,0,1,3,0,93
2008-07-27,19:45,1,0,0,18,0,0,0,0,0,3,0,0,80
2008-07-27,19:50,0,0,17,0,0,0,0,0,5,0,0,3,68
2008-07-27,19:55,0,13,0,0,0,0,0,6,0,0,1,7,50
2008-07-27,20:00,5,0,0,0,0,0,7,0,0,1,3,2,39
2008-07-27,20:05,0,0,0,0,0,9,0,0,0,3,1,3,33
2008-07-27,20:10,0,0,0,0,11,0,0,0,0,1,1,0,28
2008-07-27,20:15,0,0,0,11,0,0,0,0,0,1,0,2,22
2008-07-27,20:20,0,0,10,0,0,0,0,0,0,0,1,2,18
2008-07-27,20:25,0,8,0,0,0,0,0,0,0,1,1,18,1
2008-07-27,20:30,3,0,0,0,0,0,0,0,0,1,19,0,0
2008-07-27,20:35,0,0,0,0,0,0,0,0,0,21,0,0,5
2008-07-27,20:40,0,0,0,0,0,0,0,0,24,0,0,2,10
2008-07-27,20:45,0,0,0,0,0,0,0,27,0,0,2,0,14
2008-07-27,20:50,0,0,0,0,0,0,31,0,0,2,0,0,20
2008-07-27,20:55,0,0,0,0,0,34,0,0,4,0,0,0,27
2008-07-27,21:00,0,0,0,0,38,0,0,4,0,0,0,0,33
2008-07-27,21:05,0,0,0,39,0,0,6,0,0,0,0,0,43
2008-07-27,21:10,0,0,36,0,0,7,0,0,0,0,0,0,51
2008-07-27,21:15,0,24,0,0,8,0,0,0,0,0,0,2,57
2008-07-27,21:20,12,0,0,9,0,0,0,0,0,0,4,0,64
2008-07-27,21:25,0,0,8,0,0,0,0,0,0,6,0,0,69
2008-07-27,21:30,0,6,0,0,0,0,0,0,7,0,0,0,69
2008-07-27,21:35,2,0,0,0,0,0,0,9,0,0,0,0,70
2008-07-27,21:40,0,0,0,0,0,0,12,0,0,0,0,0,65
2008-07-27,21:45,0,0,0,0,0,15,0,0,0,0,0,0,56
2008-07-27,21:50,0,0,0,0,16,0,0,0,0,0,0,0,52
2008-07-27,21:55,0,0,0,17,0,0,0,0,0,0,0,0,43
2008-07-27,22:00,0,0,16,0,0,0,0,0,0,0,0,5,30
2008-07-27,22:05,0,12,0,0,0,0,0,0,0,0,3,4,24
2008-07-27,22:10,5,0,0,0,0,0,0,0,0,1,2,3,21
2008-07-27,22:15,0,0,0,0,0,0,0,0,1,1,1,0,22
2008-07-27,22:20,0,0,0,0,0,0,0,0,0,1,0,0,24
2008-07-27,22:25,0,0,0,0,0,0,0,0,0,0,0,0,26
2008-07-27,22:30,0,0,0,0,0,0,0,0,0,0,0,0,26
2008-07-27,22:35,0,0,0,0,0,0,0,0,0,0,0,0,28
2008-07-27,22:40,0,0,0,0,0,0,0,0,0,0,0,2,25
2008-07-27,22:45,0,0,0,0,0,0,0,0,0,0,1,0,27
2008-07-27,22:50,0,0,0,0,0,0,0,0,0,1,0,0,27
2008-07-27,22:55,0,0,0,0,0,0,0,0,0,0,0,0,25
2008-07-27,23:00,0,0,0,0,0,0,0,0,0,0,0,0,23
2008-07-27,23:05,0,0,0,0,0,0,0,0,0,0,0,0,22
2008-07-27,23:10,0,0,0,0,0,0,0,0,0,0,0,0,18
2008-07-27,23:15,0,0,0,0,0,0,0,0,0,0,0,4,13
2008-07-27,23:20,0,0,0,0,0,0,0,0,0,0,2,0,13
2008-07-27,23:25,0,0,0,0,0,0,0,0,0,1,0,0,11
2008-07-27,23:30,0,0,0,0,0,0,0,0,0,0,0,0,10
2008-07-27,23:35,0,0,0,0,0,0,0,0,0,0,0,0,8
2008-07-27,23:40,0,0,0,0,0,0,0,0,0,0,0,0,6
2008-07-27,23:45,0,0,0,0,0,0,0,0,0,0,0,0,4
2008-07-27,23:50,0,0,0,0,0,0,0,0,0,0,0,2,0
2008-07-27,23:55,0,0,0,0,0,0,0,0,0,0,1,0,0
2008-07-28,00:00,0,0,0,0,0,0,0,0,0,1,0,0,0
2008-07-28,00:05,0,0,0,0,0,0,0,0,0,0,0,0,0
2008-07-28,00:10,0,0,0,0,0,0,0,0,0,0,0,0,0
2008-07-28,00:15,0,0,0,0,0,0,0,0,0,0,0,0,0
2008-07-28,00:20,0,0,0,0,0,0,0,0,0,0,0,0,0
2008-07-28,00:25,0,0,0,0,0,0,0,0,0,0,0,0,0
2008-07-28,00:30,0,0,0,0,0,0,0,0,0,0,0,0,0
2008-07-28,00:35,0,0,0,0,0,0,0,0,0,0,0,0,0
2008-07-28,00:40,0,0,0,0,0,0,0,0,0,0,0,0,0
2008-07-28,00:45,0,0,0,0,0,0,0,0,0,0,0,0,2
2008-07-28,00:50,0,0,0,0,0,0,0,0,0,0,0,0,2
2008-07-28,00:55,0,0,0,0,0,0,0,0,0,0,0,0,3
2008-07-28,01:00,0,0,0,0,0,0,0,0,0,0,0,0,4
2008-07-28,01:05,0,0,0,0,0,0,0,0,0,0,0,0,7
2008-07-28,01:10,0,0,0,0,0,0,0,0,0,0,0,0,8
2008-07-28,01:15,0,0,0,0,0,0,0,0,0,0,0,0,12
2008-07-28,01:20,0,0,0,0,0,0,0,0,0,0,0,0,15
2008-07-28,01:25,0,0,0,0,0,0,0,0,0,0,0,0,18
2008-07-28,01:30,0,0,0,0,0,0,0,0,0,0,0,0,22
2008-07-28,01:35,0,0,0,0,0,0,0,0,0,0,0,0,23
2008-07-28,01:40,0,0,0,0,0,0,0,0,0,0,0,0,28
2008-07-28,01:45,0,0,0,0,0,0,0,0,0,0,0,0,28
2008-07-28,01:50,0,0,0,0,0,0,0,0,0,0,0,0,33
2008-07-28,01:55,0,0,0,0,0,0,0,0,0,0,0,0,34
2008-07-28,02:00,0,0,0,0,0,0,0,0,0,0,0,0,38
2008-07-28,02:05,0,0,0,0,0,0,0,0,0,0,0,0,38
2008-07-28,02:10,0,0,0,0,0,0,0,0,0,0,0,5,35
2008-07-28,02:15,0,0,0,0,0,0,0,0,0,0,5,9,26
2008-07-28,02:20,0,0,0,0,0,0,0,0,0,6,10,0,26
2008-07-28,02:25,0,0,0,0,0,0,0,0,7,10,0,0,30
2008-07-28,02:30,0,0,0,0,0,0,0,9,9,0,0,11,20
2008-07-28,02:35,0,0,0,0,0,0,11,9,0,0,11,3,20
2008-07-28,02:40,0,0,0,0,0,14,8,0,0,11,1,0,22
2008-07-28,02:45,0,0,0,0,15,6,0,0,11,1,0,0,26
2008-07-28,02:50,0,0,0,17,6,0,0,10,0,0,0,0,37
2008-07-28,02:55,0,0,15,4,0,0,8,0,0,0,0,5,37
2008-07-28,03:00,0,11,3,0,0,8,0,0,0,0,5,8,46
2008-07-28,03:05,5,3,0,0,6,0,0,0,0,5,9,0,54
2008-07-28,03:10,2,0,0,5,0,0,0,0,5,14,0,0,67
2008-07-28,03:15,0,0,4,0,0,0,0,4,19,0,0,0,85
2008-07-28,03:20,0,3,0,0,0,0,4,23,0,0,0,0,101
2008-07-28,03:25,2,0,0,0,0,4,29,0,0,0,0,4,111
2008-07-28,03:30,0,0,0,0,3,36,0,0,0,0,4,0,131
2008-07-28,03:35,0,0,0,2,41,0,0,0,0,4,0,17,131
2008-07-28,03:40,0,0,2,43,0,0,0,0,5,0,19,18,134
2008-07-28,03:45,0,1,40,0,0,0,0,6,0,21,18,0,152
2008-07-28,03:50,1,30,0,0,0,0,8,0,25,17,0,5,160
2008-07-28,03:55,12,0,0,0,0,10,0,28,18,0,4,0,167
2008-07-28,04:00,0,0,0,0,11,0,32,15,0,6,0,0,175
2008-07-28,04:05,0,0,0,11,0,34,14,0,8,0,0,3,181
2008-07-28,04:10,0,0,11,0,39,12,0,9,0,0,3,0,183
2008-07-28,04:15,0,8,0,38,10,0,11,0,0,3,0,8,182
2008-07-28,04:20,3,0,35,9,0,15,0,0,2,0,3,0,200
2008-07-28,04:25,0,24,6,0,16,0,0,3,0,3,0,16,200
2008-07-28,04:30,13,4,0,17,0,0,2,0,0,0,12,20,194
2008-07-28,04:35,4,0,16,0,0,2,0,0,0,13,19,0,211
2008-07-28,04:40,0,11,0,0,2,0,0,0,9,20,0,10,222
2008-07-28,04:45,5,0,0,2,0,0,0,8,18,0,10,0,236
2008-07-28,04:50,0,0,1,0,0,0,7,20,0,10,0,11,242
2008-07-28,04:55,0,0,0,0,0,6,20,0,12,0,12,0,247
2008-07-28,05:00,1,0,0,0,5,22,0,13,0,11,0,0,254
2008-07-28,05:05,0,0,0,4,22,0,15,0,11,0,0,11,248
2008-07-28,05:10,0,0,4,22,0,19,0,10,0,0,5,8,250
2008-07-28,05:15,0,2,19,0,20,0,9,0,0,5,6,0,261
2008-07-28,05:20,2,15,0,20,0,7,0,0,0,9,0,5,258
2008-07-28,05:25,7,0,18,0,7,0,0,0,7,0,5,4,252
2008-07-28,05:30,0,14,0,5,0,0,0,10,0,6,4,3,252
2008-07-28,05:35,6,0,4,0,0,0,12,0,6,6,1,11,232
2008-07-28,05:40,0,3,0,0,0,14,0,9,4,1,6,0,232
2008-07-28,05:45,2,0,0,0,17,0,10,6,0,6,0,12,208
2008-07-28,05:50,0,0,0,17,0,13,8,0,3,0,6,3,202
2008-07-28,05:55,0,0,16,0,15,8,0,3,0,4,1,6,193
2008-07-28,06:00,0,12,0,16,11,0,3,0,0,1,3,0,183
2008-07-28,06:05,5,0,14,11,0,3,0,0,0,4,0,17,160
2008-07-28,06:10,0,11,10,0,2,0,0,0,2,0,13,18,138
2008-07-28,06:15,4,7,0,1,0,0,0,3,0,11,12,5,139
2008-07-28,06:20,3,0,1,0,0,0,2,0,7,11,3,0,143
2008-07-28,06:25,0,1,0,0,0,1,0,8,8,4,0,5,141
2008-07-28,06:30,1,0,0,0,2,0,6,7,3,0,4,15,123
2008-07-28,06:35,0,0,0,1,0,5,6,5,0,4,13,4,128
2008-07-28,06:40,0,0,1,0,5,5,6,0,2,13,2,10,129
2008-07-28,06:45,0,0,0,3,5,7,0,3,10,2,7,0,142
2008-07-28,06:50,1,0,3,3,9,0,2,11,0,6,0,0,150
2008-07-28,06:55,0,2,3,8,0,2,8,0,5,0,0,5,160
2008-07-28,07:00,2,2,9,0,1,7,0,4,0,0,5,16,144
2008-07-28,07:05,2,6,0,2,6,0,3,0,0,7,14,0,149
2008-07-28,07:10,2,0,1,5,0,4,0,0,7,16,0,0,153
2008-07-28,07:15,0,0,4,0,2,0,0,9,16,0,0,9,136
2008-07-28,07:20,1,2,0,2,0,0,12,16,0,0,9,4,133
2008-07-28,07:25,3,0,2,0,0,14,18,0,0,10,2,2,127
2008-07-28,07:30,0,1,0,0,16,19,0,0,9,1,1,6,118
2008-07-28,07:35,1,0,0,18,20,0,0,8,0,1,7,5,113
2008-07-28,07:40,0,0,16,20,0,0,7,0,0,11,3,8,110
2008-07-28,07:45,0,11,19,0,0,6,0,0,13,2,4,3,118
2008-07-28,07:50,5,13,0,0,5,0,0,19,0,3,2,3,127
2008-07-28,07:55,6,0,0,4,0,0,23,0,0,1,5,8,122
2008-07-28,08:00,0,0,4,0,0,28,0,0,0,6,11,3,127
2008-07-28,08:05,0,2,0,0,32,0,0,0,7,15,1,0,131
2008-07-28,08:10,2,0,0,33,0,0,0,10,17,1,0,0,133
2008-07-28,08:15,0,0,31,0,0,0,12,21,0,0,0,1,129
2008-07-28,08:20,0,23,0,0,0,15,26,0,0,0,1,4,122
2008-07-28,08:25,10,0,0,0,18,29,0,0,0,1,2,0,119
2008-07-28,08:30,0,0,0,18,33,0,0,0,0,1,0,2,109
2008-07-28,08:35,0,0,17,37,0,0,0,0,0,0,1,2,98
2008-07-28,08:40,0,12,32,0,0,0,0,0,0,1,1,0,96
2008-07-28,08:45,5,22,0,0,0,0,0,0,0,1,0,8,84
2008-07-28,08:50,11,0,0,0,0,0,0,0,0,0,7,8,78
2008-07-28,08:55,0,0,0,0,0,0,0,0,0,4,4,0,84
2008-07-28,09:00,0,0,0,0,0,0,0,0,3,3,0,0,92
2008-07-28,09:05,0,0,0,0,0,0,0,2,0,0,0,6,92
2008-07-28,09:10,0,0,0,0,0,0,2,0,0,0,6,0,98
2008-07-28,09:15,0,0,0,0,0,2,0,0,0,7,0,0,103
2008-07-28,09:20,0,0,0,0,2,0,0,0,7,0,0,0,109
2008-07-28,09:25,0,0,0,1,0,0,0,9,0,0,0,0,117
2008-07-28,09:30,0,0,1,0,0,0,12,0,0,0,0,17,104
2008-07-28,09:35,0,0,0,0,0,14,0,0,0,0,14,0,112
2008-07-28,09:40,1,0,0,0,16,0,0,0,0,15,0,0,121
2008-07-28,09:45,0,0,0,18,0,0,0,0,14,0,0,6,127
2008-07-28,09:50,0,0,16,0,0,0,0,12,0,0,5,4,133
2008-07-28,09:55,0,11,0,0,0,0,13,0,0,4,2,0,156
2008-07-28,10:00,5,0,0,0,0,11,0,0,4,2,0,0,168
2008-07-28,10:05,0,0,0,0,12,0,0,3,0,0,0,7,183
2008-07-28,10:10,0,0,0,10,0,0,2,0,0,0,2,3,192
2008-07-28,10:15,0,0,8,0,0,3,0,0,0,3,4,0,208
2008-07-28,10:20,0,7,0,0,2,0,0,0,0,5,0,0,216
2008-07-28,10:25,3,0,0,1,0,0,0,0,7,0,0,5,214
2008-07-28,10:30,0,0,1,0,0,0,0,10,0,0,5,0,213
2008-07-28,10:35,0,1,0,0,0,0,11,0,0,6,0,12,187
2008-07-28,10:40,1,0,0,0,0,14,0,0,7,0,12,5,175
2008-07-28,10:45,0,0,0,0,16,0,0,9,0,14,2,6,162
2008-07-28,10:50,0,0,0,17,0,0,11,0,13,2,3,2,151
2008-07-28,10:55,0,0,16,0,0,14,0,14,0,3,1,8,145
2008-07-28,11:00,0,11,0,0,15,0,15,0,0,1,5,6,134
2008-07-28,11:05,5,0,0,17,0,15,0,0,0,6,3,4,131
2008-07-28,11:10,0,0,15,0,15,0,0,0,3,3,3,1,140
2008-07-28,11:15,0,11,0,16,0,0,0,3,0,3,1,20,120
2008-07-28,11:20,5,0,13,0,0,0,3,0,0,1,21,16,115
2008-07-28,11:25,0,10,0,0,0,3,0,0,3,23,12,4,117
2008-07-28,11:30,5,0,0,0,2,0,0,2,24,11,5,16,109
2008-07-28,11:35,0,0,0,1,0,0,4,23,8,7,16,10,106
2008-07-28,11:40,0,0,1,0,0,4,24,8,9,18,9,20,88
2008-07-28,11:45,0,1,0,0,5,26,7,11,19,10,19,4,88
2008-07-28,11:50,1,0,0,5,25,5,14,19,8,20,0,2,83
2008-07-28,11:55,0,0,4,24,5,17,20,7,19,2,3,0,88
2008-07-28,12:00,0,4,22,4,20,20,7,18,0,4,0,2,78
2008-07-28,12:05,1,15,3,21,21,6,16,0,5,0,3,2,70
2008-07-28,12:10,9,2,19,19,4,12,0,6,0,2,2,6,61
2008-07-28,12:15,2,14,19,4,12,0,9,0,3,1,5,2,62
2008-07-28,12:20,6,13,3,9,0,10,0,2,0,8,3,11,47
2008-07-28,12:25,7,2,7,0,12,0,2,0,8,3,7,0,47
2008-07-28,12:30,2,4,0,12,0,2,0,11,5,6,0,3,45
2008-07-28,12:35,5,0,12,0,2,0,14,6,4,0,4,3,46
2008-07-28,12:40,0,9,0,1,0,16,8,6,0,5,1,0,43
2008-07-28,12:45,3,0,1,0,19,9,5,0,7,1,0,0,45
2008-07-28,12:50,0,0,0,20,11,6,0,10,0,0,0,2,42
2008-07-28,12:55,1,0,19,11,7,0,11,0,0,0,2,0,40
2008-07-28,13:00,0,13,10,7,0,14,0,0,0,4,0,2,39
2008-07-28,13:05,6,8,5,0,16,0,0,0,5,0,1,2,42
2008-07-28,13:10,3,4,0,17,0,0,0,7,0,1,1,0,43
2008-07-28,13:15,2,0,16,0,0,0,8,0,0,1,0,11,41
2008-07-28,13:20,0,11,0,0,0,10,0,0,0,0,8,0,49
2008-07-28,13:25,5,0,0,0,11,0,0,0,0,8,0,0,56
2008-07-28,13:30,0,0,0,12,0,0,0,0,7,0,0,0,65
2008-07-28,13:35,0,0,11,0,0,0,0,6,0,0,0,0,66
2008-07-28,13:40,0,9,0,0,0,0,6,0,0,0,0,0,73
2008-07-28,13:45,3,0,0,0,0,5,0,0,0,0,0,0,76
2008-07-28,13:50,0,0,0,0,4,0,0,0,0,0,0,0,76
2008-07-28,13:55,0,0,0,3,0,0,0,0,0,0,0,0,80
2008-07-28,14:00,0,0,2,0,0,0,0,0,0,0,0,5,76
2008-07-28,14:05,0,2,0,0,0,0,0,0,0,0,5,5,72
2008-07-28,14:10,2,0,0,0,0,0,0,0,0,6,5,0,75
2008-07-28,14:15,0,0,0,0,0,0,0,0,6,6,0,6,74
2008-07-28,14:20,0,0,0,0,0,0,0,8,7,0,3,3,77
2008-07-28,14:25,0,0,0,0,0,0,11,9,0,4,4,3,82
2008-07-28,14:30,0,0,0,0,0,12,11,0,3,5,1,5,83
2008-07-28,14:35,0,0,0,0,15,14,0,2,7,1,5,0,93
2008-07-28,14:40,0,0,0,15,15,0,2,8,0,7,0,0,98
2008-07-28,14:45,0,0,14,17,0,2,12,0,8,0,0,0,111
2008-07-28,14:50,0,11,15,0,2,13,0,10,0,0,0,13,105
2008-07-28,14:55,4,11,0,1,16,0,13,0,0,0,11,0,123
2008-07-28,15:00,5,0,1,16,0,15,0,0,0,11,0,0,133
2008-07-28,15:05,0,0,15,0,18,0,0,0,9,0,0,2,138
2008-07-28,15:10,1,11,0,19,0,0,0,8,0,0,1,3,155
2008-07-28,15:15,5,0,17,0,0,0,7,0,0,1,1,1,167
2008-07-28,15:20,0,13,0,0,0,7,0,0,0,1,1,0,181
2008-07-28,15:25,5,0,0,0,5,0,0,0,0,1,0,2,198
2008-07-28,15:30,0,0,0,4,0,0,0,0,0,0,2,6,203
2008-07-28,15:35,0,0,4,0,0,0,0,0,0,4,5,5,212
2008-07-28,15:40,0,2,0,0,0,0,0,0,4,6,6,1,222
2008-07-28,15:45,2,0,0,0,0,0,0,6,7,5,1,7,216
2008-07-28,15:50,0,0,0,0,0,0,8,9,3,2,6,7,220
2008-07-28,15:55,0,0,0,0,0,8,12,3,3,6,4,5,228
2008-07-28,16:00,0,0,0,0,11,14,3,4,5,4,4,4,222
2008-07-28,16:05,0,0,0,11,16,2,4,4,2,5,4,0,230
2008-07-28,16:10,0,0,10,16,2,6,4,3,5,4,0,5,224
2008-07-28,16:15,0,7,16,2,6,3,2,7,3,0,3,4,229
2008-07-28,16:20,3,11,1,6,3,1,8,5,0,2,2,6,221
2008-07-28,16:25,5,1,7,2,2,10,5,0,0,2,3,1,223
2008-07-28,16:30,1,4,2,1,11,7,0,0,0,3,1,3,215
2008-07-28,16:35,2,1,1,12,8,0,0,0,0,1,5,5,208
2008-07-28,16:40,1,0,11,8,0,0,0,0,0,7,3,4,210
2008-07-28,16:45,1,9,8,0,0,0,0,0,7,4,2,5,216
2008-07-28,16:50,3,6,0,0,0,0,0,9,2,2,2,4,246
2008-07-28,16:55,2,0,0,0,0,0,12,3,0,3,2,8,296
2008-07-28,17:00,0,0,0,0,0,14,2,0,0,2,3,4,354
2008-07-28,17:05,0,0,0,0,16,1,0,0,0,3,2,0,385
2008-07-28,17:10,0,0,0,18,2,0,0,0,0,2,0,5,363
2008-07-28,17:15,0,0,16,1,0,0,0,0,0,0,1,5,286
2008-07-28,17:20,0,11,1,0,0,0,0,0,0,2,2,7,208
2008-07-28,17:25,5,0,0,0,0,0,0,0,0,2,5,3,154
2008-07-28,17:30,1,0,0,0,0,0,0,0,0,7,4,9,116
2008-07-28,17:35,0,0,0,0,0,0,0,0,7,5,12,2,97
2008-07-28,17:40,0,0,0,0,0,0,0,9,7,17,1,5,83
2008-07-28,17:45,0,0,0,0,0,0,11,9,20,1,2,2,76
2008-07-28,17:50,0,0,0,0,0,13,12,27,0,3,1,6,66
2008-07-28,17:55,0,0,0,0,15,14,35,0,0,1,2,5,60
2008-07-28,18:00,0,0,0,16,16,41,0,0,0,2,3,10,49
2008-07-28,18:05,0,0,15,16,46,0,0,0,0,4,9,0,47
2008-07-28,18:10,0,11,16,50,0,0,0,0,3,9,0,1,47
2008-07-28,18:15,4,11,46,0,0,0,0,2,8,0,1,0,42
2008-07-28,18:20,5,34,0,0,0,0,2,7,0,1,0,2,39
2008-07-28,18:25,14,0,0,0,0,2,7,0,0,0,1,2,37
2008-07-28,18:30,0,0,0,0,2,5,0,0,0,1,1,3,35
2008-07-28,18:35,0,0,0,1,5,0,0,0,0,1,5,3,31
2008-07-28,18:40,0,0,1,3,0,0,0,0,0,7,4,0,29
2008-07-28,18:45,0,0,3,0,0,0,0,0,9,4,0,2,26
2008-07-28,18:50,1,2,0,0,0,0,0,12,3,0,1,3,29
2008-07-28,18:55,2,0,0,0,0,0,15,3,0,1,1,0,32
2008-07-28,19:00,0,0,0,0,0,18,3,0,0,1,0,0,38
2008-07-28,19:05,0,0,0,0,20,2,0,0,0,0,0,5,41
2008-07-28,19:10,0,0,0,23,2,0,0,0,0,0,7,0,43
2008-07-28,19:15,0,0,20,2,0,0,0,0,0,9,0,0,48
2008-07-28,19:20,0,15,1,0,0,0,0,0,12,0,0,0,46
2008-07-28,19:25,6,1,0,0,0,0,0,15,0,0,0,3,52
2008-07-28,19:30,1,0,0,0,0,0,19,0,0,0,1,1,53
2008-07-28,19:35,0,0,0,0,0,24,0,0,0,1,1,0,53
2008-07-28,19:40,0,0,0,0,27,0,0,0,0,1,0,0,53
2008-07-28,19:45,0,0,0,29,0,0,0,0,2,0,0,0,51
2008-07-28,19:50,0,0,26,0,0,0,0,2,0,0,0,0,47
2008-07-28,19:55,0,19,0,0,0,0,4,0,0,0,0,2,40
2008-07-28,20:00,8,0,0,0,0,3,0,0,0,0,1,2,35
2008-07-28,20:05,0,0,0,0,5,0,0,0,0,1,1,3,26
2008-07-28,20:10,0,0,0,4,0,0,0,0,0,1,5,0,23
2008-07-28,20:15,0,0,5,0,0,0,0,0,0,7,0,2,15
2008-07-28,20:20,0,3,0,0,0,0,0,0,8,0,1,2,15
2008-07-28,20:25,1,0,0,0,0,0,0,12,0,1,1,2,14
2008-07-28,20:30,0,0,0,0,0,0,14,0,0,1,1,0,17
2008-07-28,20:35,0,0,0,0,0,17,0,0,0,1,0,0,19
2008-07-28,20:40,0,0,0,0,20,0,0,0,0,0,0,0,25
2008-07-28,20:45,0,0,0,21,0,0,0,0,0,0,0,0,27
2008-07-28,20:50,0,0,19,0,0,0,0,0,0,0,0,0,29
2008-07-28,20:55,0,14,0,0,0,0,0,0,0,0,0,0,31
2008-07-28,21:00,6,0,0,0,0,0,0,0,0,0,0,0,32
2008-07-28,21:05,0,0,0,0,0,0,0,0,0,0,0,0,36
2008-07-28,21:10,0,0,0,0,0,0,0,0,0,0,0,0,38
2008-07-28,21:15,0,0,0,0,0,0,0,0,0,0,0,3,36
2008-07-28,21:20,0,0,0,0,0,0,0,0,0,0,3,3,33
2008-07-28,21:25,0,0,0,0,0,0,0,0,0,6,1,0,37
2008-07-28,21:30,0,0,0,0,0,0,0,0,7,1,0,3,36
2008-07-28,21:35,0,0,0,0,0,0,0,10,0,0,5,0,37
2008-07-28,21:40,0,0,0,0,0,0,12,0,0,6,0,0,38
2008-07-28,21:45,0,0,0,0,0,14,0,0,9,0,0,4,37
2008-07-28,21:50,0,0,0,0,17,0,0,11,0,0,2,0,41
2008-07-28,21:55,0,0,0,17,0,0,14,0,0,1,0,11,31
2008-07-28,22:00,0,0,16,0,0,17,0,0,0,0,12,0,30
2008-07-28,22:05,0,12,0,0,19,0,0,0,0,12,0,0,28
2008-07-28,22:10,5,0,0,20,0,0,0,0,11,0,0,0,25
2008-07-28,22:15,0,0,19,0,0,0,0,10,0,0,0,0,21
2008-07-28,22:20,0,14,0,0,0,0,10,0,0,0,0,0,16
2008-07-28,22:25,6,0,0,0,0,8,0,0,0,0,0,1,10
2008-07-28,22:30,0,0,0,0,6,0,0,0,0,0,1,0,8
2008-07-28,22:35,0,0,0,5,0,0,0,0,0,1,0,4,6
2008-07-28,22:40,0,0,5,0,0,0,0,0,0,0,2,0,9
2008-07-28,22:45,0,3,0,0,0,0,0,0,0,1,0,0,10
2008-07-28,22:50,2,0,0,0,0,0,0,0,0,0,0,0,16
2008-07-28,22:55,0,0,0,0,0,0,0,0,0,0,0,0,18
2008-07-28,23:00,0,0,0,0,0,0,0,0,0,0,0,0,26
2008-07-28,23:05,0,0,0,0,0,0,0,0,0,0,0,0,31
2008-07-28,23:10,0,0,0,0,0,0,0,0,0,0,0,0,36
2008-07-28,23:15,0,0,0,0,0,0,0,0,0,0,0,0,42
2008-07-28,23:20,0,0,0,0,0,0,0,0,0,0,0,0,46
2008-07-28,23:25,0,0,0,0,0,0,0,0,0,0,0,0,47
2008-07-28,23:30,0,0,0,0,0,0,0,0,0,0,0,0,50
2008-07-28,23:35,0,0,0,0,0,0,0,0,0,0,0,0,49
2008-07-28,23:40,0,0,0,0,0,0,0,0,0,0,0,0,48
2008-07-28,23:45,0,0,0,0,0,0,0,0,0,0,0,0,46
2008-07-28,23:50,0,0,0,0,0,0,0,0,0,0,0,0,43
2008-07-28,23:55,0,0,0,0,0,0,0,0,0,0,0,3,36
2008-07-29,00:00,0,0,0,0,0,0,0,0,0,0,1,4,30
2008-07-29,00:05,0,0,0,0,0,0,0,0,0,1,2,0,31
2008-07-29,00:10,0,0,0,0,0,0,0,0,0,1,0,0,30
2008-07-29,00:15,0,0,0,0,0,0,0,0,0,0,0,0,28
2008-07-29,00:20,0,0,0,0,0,0,0,0,0,0,0,0,27
2008-07-29,00:25,0,0,0,0,0,0,0,0,0,0,0,4,22
2008-07-29,00:30,0,0,0,0,0,0,0,0,0,0,2,0,21
2008-07-29,00:35,0,0,0,0,0,0,0,0,0,1,0,0,20
2008-07-29,00:40,0,0,0,0,0,0,0,0,0,0,0,0,16
2008-07-29,00:45,0,0,0,0,0,0,0,0,0,0,0,0,15
2008-07-29,00:50,0,0,0,0,0,0,0,0,0,0,0,0,11
2008-07-29,00:55,0,0,0,0,0,0,0,0,0,0,0,0,9
2008-07-29,01:00,0,0,0,0,0,0,0,0,0,0,0,4,3
2008-07-29,01:05,0,0,0,0,0,0,0,0,0,0,2,0,4
2008-07-29,01:10,0,0,0,0,0,0,0,0,0,1,0,0,5
2008-07-29,01:15,0,0,0,0,0,0,0,0,0,0,0,0,7
2008-07-29,01:20,0,0,0,0,0,0,0,0,0,0,0,0,9
2008-07-29,01:25,0,0,0,0,0,0,0,0,0,0,0,0,10
2008-07-29,01:30,0,0,0,0,0,0,0,0,0,0,0,0,12
2008-07-29,01:35,0,0,0,0,0,0,0,0,0,0,0,0,13
2008-07-29,01:40,0,0,0,0,0,0,0,0,0,0,0,0,15
2008-07-29,01:45,0,0,0,0,0,0,0,0,0,0,0,0,14
2008-07-29,01:50,0,0,0,0,0,0,0,0,0,0,0,0,18
2008-07-29,01:55,0,0,0,0,0,0,0,0,0,0,0,0,20
2008-07-29,02:00,0,0,0,0,0,0,0,0,0,0,0,0,19
2008-07-29,02:05,0,0,0,0,0,0,0,0,0,0,0,0,27
2008-07-29,02:10,0,0,0,0,0,0,0,0,0,0,0,5,24
2008-07-29,02:15,0,0,0,0,0,0,0,0,0,0,5,0,26
2008-07-29,02:20,0,0,0,0,0,0,0,0,0,7,0,0,31
2008-07-29,02:25,0,0,0,0,0,0,0,0,9,0,0,0,34
2008-07-29,02:30,0,0,0,0,0,0,0,11,0,0,0,0,38
2008-07-29,02:35,0,0,0,0,0,0,14,0,0,0,0,0,42
2008-07-29,02:40,0,0,0,0,0,17,0,0,0,0,0,0,43
2008-07-29,02:45,0,0,0,0,20,0,0,0,0,0,0,2,42
2008-07-29,02:50,0,0,0,20,0,0,0,0,0,0,1,0,51
2008-07-29,02:55,0,0,19,0,0,0,0,0,0,1,0,5,45
2008-07-29,03:00,0,14,0,0,0,0,0,0,0,0,5,4,51
2008-07-29,03:05,6,0,0,0,0,0,0,0,0,5,7,0,51
2008-07-29,03:10,0,0,0,0,0,0,0,0,5,9,0,0,58
2008-07-29,03:15,0,0,0,0,0,0,0,4,11,0,0,2,61
2008-07-29,03:20,0,0,0,0,0,0,4,15,0,0,1,0,74
2008-07-29,03:25,0,0,0,0,0,3,18,0,0,1,0,6,72
2008-07-29,03:30,0,0,0,0,3,23,0,0,0,0,6,2,87
2008-07-29,03:35,0,0,0,2,27,0,0,0,0,7,1,18,93
2008-07-29,03:40,0,0,2,27,0,0,0,0,7,1,19,9,98
2008-07-29,03:45,0,1,26,0,0,0,0,8,0,22,9,0,118
2008-07-29,03:50,1,19,0,0,0,0,9,0,24,10,0,1,130
2008-07-29,03:55,7,0,0,0,0,11,0,30,9,0,3,9,138
2008-07-29,04:00,0,0,0,0,12,0,31,8,0,4,9,0,147
2008-07-29,04:05,0,0,0,12,0,35,7,0,5,9,0,3,154
2008-07-29,04:10,0,0,11,0,39,6,0,6,9,0,3,0,162
2008-07-29,04:15,0,7,0,39,5,0,8,8,0,3,0,2,169
2008-07-29,04:20,4,0,35,4,0,10,7,0,2,0,1,0,184
2008-07-29,04:25,0,24,4,0,12,6,0,3,0,1,0,6,187
2008-07-29,04:30,13,2,0,12,5,0,2,0,0,0,3,6,201
2008-07-29,04:35,2,0,11,5,0,2,0,0,0,3,6,0,220
2008-07-29,04:40,0,8,3,0,1,0,0,0,0,8,0,8,222
2008-07-29,04:45,3,2,0,2,0,0,0,0,7,0,7,0,232
2008-07-29,04:50,2,0,1,0,0,0,0,9,0,7,0,0,244
2008-07-29,04:55,0,0,0,0,0,0,12,0,5,0,0,3,247
2008-07-29,05:00,1,0,0,0,0,14,0,6,0,0,1,5,270
2008-07-29,05:05,0,0,0,0,16,0,6,0,0,1,2,6,283
2008-07-29,05:10,0,0,0,18,0,6,0,0,0,2,3,3,348
2008-07-29,05:15,0,0,16,0,6,0,0,0,0,3,5,5,454
2008-07-29,05:20,0,11,0,7,0,0,0,0,0,7,2,5,619
2008-07-29,05:25,5,0,5,0,0,0,0,0,7,2,4,6,795
2008-07-29,05:30,0,5,0,0,0,0,0,9,0,6,6,3,887
2008-07-29,05:35,2,0,0,0,0,0,12,0,7,7,1,6,847
2008-07-29,05:40,0,0,0,0,0,15,0,9,7,1,5,0,671
2008-07-29,05:45,0,0,0,0,16,0,11,9,0,5,0,13,483
2008-07-29,05:50,0,0,0,17,0,13,12,0,3,0,6,9,428
2008-07-29,05:55,0,0,16,0,15,14,0,3,0,4,4,9,491
2008-07-29,06:00,0,12,0,16,16,0,3,0,0,3,6,3,621
2008-07-29,06:05,5,0,15,16,0,2,0,0,0,4,1,12,707
2008-07-29,06:10,0,11,16,0,2,0,0,0,3,1,12,8,680
2008-07-29,06:15,4,11,0,2,0,0,0,2,0,9,8,4,583
2008-07-29,06:20,5,0,1,0,0,0,2,0,8,9,3,0,500
2008-07-29,06:25,0,1,0,0,0,2,0,7,8,4,0,7,478
2008-07-29,06:30,1,0,0,0,2,0,6,7,3,0,5,10,522
2008-07-29,06:35,0,0,0,1,0,6,6,5,0,5,11,7,548
2008-07-29,06:40,0,0,1,0,5,6,6,0,3,10,3,8,515
2008-07-29,06:45,0,0,0,3,4,8,0,2,10,3,5,3,407
2008-07-29,06:50,1,0,3,4,8,0,3,9,0,5,2,3,287
2008-07-29,06:55,0,2,3,9,0,2,8,0,5,1,1,11,211
2008-07-29,07:00,2,2,8,0,1,8,0,4,0,1,7,13,161
2008-07-29,07:05,2,6,0,2,6,0,3,0,0,8,8,0,160
2008-07-29,07:10,3,0,1,5,0,3,0,0,7,8,0,0,163
2008-07-29,07:15,0,0,3,0,2,0,0,9,7,0,0,12,157
2008-07-29,07:20,1,2,0,2,0,0,11,9,0,0,11,0,166
2008-07-29,07:25,3,0,2,0,0,13,11,0,0,11,0,6,184
2008-07-29,07:30,0,1,0,0,15,14,0,0,9,0,3,5,184
2008-07-29,07:35,1,0,0,17,16,0,0,8,0,2,6,2,188
2008-07-29,07:40,0,0,15,17,0,0,7,0,0,6,1,0,194
2008-07-29,07:45,0,10,15,0,0,6,0,0,6,1,0,6,192
2008-07-29,07:50,5,11,0,0,5,0,0,9,0,0,4,3,192
2008-07-29,07:55,5,0,0,4,0,0,11,0,0,2,4,13,183
2008-07-29,08:00,0,0,4,0,0,14,0,0,0,6,10,3,181
2008-07-29,08:05,0,2,0,0,15,0,0,0,8,16,1,7,169
2008-07-29,08:10,2,0,0,16,0,0,0,10,17,1,4,0,165
2008-07-29,08:15,0,0,15,0,0,0,13,21,0,2,0,1,153
2008-07-29,08:20,0,11,0,0,0,15,26,0,0,0,1,3,136
2008-07-29,08:25,5,0,0,0,17,30,0,0,0,1,2,0,127
2008-07-29,08:30,0,0,0,19,34,0,0,0,0,1,0,0,109
2008-07-29,08:35,0,0,17,33,0,0,0,0,0,0,0,2,98
2008-07-29,08:40,0,13,32,0,0,0,0,0,0,0,1,9,81
2008-07-29,08:45,5,24,0,0,0,0,0,0,0,1,4,13,76
2008-07-29,08:50,10,0,0,0,0,0,0,0,0,2,8,5,82
2008-07-29,08:55,0,0,0,0,0,0,0,0,1,5,3,0,96
2008-07-29,09:00,0,0,0,0,0,0,0,0,3,1,0,0,110
2008-07-29,09:05,0,0,0,0,0,0,0,3,1,0,0,2,124
2008-07-29,09:10,0,0,0,0,0,0,2,0,0,0,4,10,127
2008-07-29,09:15,0,0,0,0,0,1,0,0,0,6,9,0,140
2008-07-29,09:20,0,0,0,0,2,0,0,0,7,10,0,0,142
2008-07-29,09:25,0,0,0,1,0,0,0,9,9,0,0,3,146
2008-07-29,09:30,0,0,1,0,0,0,12,8,0,0,3,3,141
2008-07-29,09:35,0,0,0,0,0,14,7,0,0,3,2,0,142
2008-07-29,09:40,1,0,0,0,16,7,0,0,3,3,0,3,139
2008-07-29,09:45,0,0,0,18,5,0,0,3,2,0,4,6,134
2008-07-29,09:50,0,0,16,4,0,0,2,3,0,3,5,7,133
2008-07-29,09:55,0,11,4,0,0,2,3,0,3,4,3,6,139
2008-07-29,10:00,5,2,0,0,2,5,0,2,4,3,3,3,151
2008-07-29,10:05,2,0,0,1,5,0,2,3,0,4,1,5,160
2008-07-29,10:10,0,0,2,5,0,2,3,0,2,1,1,6,176
2008-07-29,10:15,0,0,5,0,2,2,0,3,0,2,6,0,191
2008-07-29,10:20,1,4,0,1,2,0,2,0,0,7,0,0,203
2008-07-29,10:25,1,0,1,2,0,1,0,0,9,0,0,3,210
2008-07-29,10:30,0,0,1,0,2,0,0,12,0,0,4,0,213
2008-07-29,10:35,1,1,0,1,0,0,14,0,0,5,0,6,199
2008-07-29,10:40,1,0,1,0,0,18,0,0,7,0,4,3,201
2008-07-29,10:45,0,0,0,0,20,0,0,9,0,6,1,5,190
2008-07-29,10:50,1,0,0,22,0,0,12,0,5,1,3,2,183
2008-07-29,10:55,0,0,19,0,0,14,0,6,0,3,1,4,182
2008-07-29,11:00,0,15,0,0,16,0,8,0,0,1,5,6,169
2008-07-29,11:05,6,0,0,16,0,10,0,0,0,5,3,4,166
2008-07-29,11:10,0,0,16,0,11,0,0,0,3,3,3,4,168
2008-07-29,11:15,0,11,0,12,0,0,0,3,0,3,2,16,158
2008-07-29,11:20,5,0,11,0,0,0,3,0,0,2,16,13,146
2008-07-29,11:25,0,8,0,0,0,2,0,0,3,16,10,5,148
2008-07-29,11:30,3,0,0,0,2,0,0,2,17,11,7,16,134
2008-07-29,11:35,0,0,0,2,0,0,4,17,8,8,18,14,125
2008-07-29,11:40,0,0,1,0,0,4,19,7,10,18,16,29,96
2008-07-29,11:45,0,1,0,0,5,20,7,13,17,15,23,0,98
2008-07-29,11:50,1,0,0,5,22,6,17,19,14,23,0,3,97
2008-07-29,11:55,0,0,4,21,4,20,20,14,20,0,5,0,93
2008-07-29,12:00,0,4,19,4,23,20,11,18,0,6,0,9,78
2008-07-29,12:05,1,13,3,24,21,10,15,0,9,0,9,2,67
2008-07-29,12:10,7,2,23,19,8,14,0,11,0,9,2,4,58
2008-07-29,12:15,2,16,18,7,11,0,14,0,8,1,2,2,59
2008-07-29,12:20,7,13,5,9,0,17,0,8,0,2,2,13,42
2008-07-29,12:25,7,4,7,0,19,0,7,0,0,4,9,0,47
2008-07-29,12:30,3,4,0,20,0,6,0,0,4,7,0,6,49
2008-07-29,12:35,5,0,19,0,6,0,0,6,5,0,5,0,53
2008-07-29,12:40,0,14,0,4,0,0,8,6,0,6,0,0,58
2008-07-29,12:45,6,0,3,0,0,9,4,0,7,0,0,0,63
2008-07-29,12:50,0,2,0,0,10,4,0,10,0,0,0,3,64
2008-07-29,12:55,2,0,0,11,3,0,11,0,0,0,4,0,66
2008-07-29,13:00,0,0,10,4,0,14,0,0,0,5,0,0,71
2008-07-29,13:05,0,8,2,0,16,0,0,0,7,0,0,2,71
2008-07-29,13:10,3,0,0,17,0,0,0,8,0,0,1,3,75
2008-07-29,13:15,2,0,16,0,0,0,12,0,0,1,1,9,77
2008-07-29,13:20,0,11,0,0,0,13,0,0,0,1,8,0,84
2008-07-29,13:25,5,0,0,0,16,0,0,0,0,9,0,0,94
2008-07-29,13:30,0,0,0,16,0,0,0,0,6,0,0,0,102
2008-07-29,13:35,0,0,15,0,0,0,0,6,0,0,0,0,110
2008-07-29,13:40,0,11,0,0,0,0,6,0,0,0,0,3,111
2008-07-29,13:45,5,0,0,0,0,4,0,0,0,0,1,0,114
2008-07-29,13:50,0,0,0,0,4,0,0,0,0,1,0,0,119
2008-07-29,13:55,0,0,0,3,0,0,0,0,0,0,0,12,107
2008-07-29,14:00,0,0,2,0,0,0,0,0,0,0,10,3,115
2008-07-29,14:05,0,2,0,0,0,0,0,0,0,10,3,8,118
2008-07-29,14:10,2,0,0,0,0,0,0,0,9,5,6,0,132
2008-07-29,14:15,0,0,0,0,0,0,0,8,7,6,0,9,155
2008-07-29,14:20,0,0,0,0,0,0,7,9,4,0,4,3,203
2008-07-29,14:25,0,0,0,0,0,6,11,7,0,5,4,0,249
2008-07-29,14:30,0,0,0,0,5,13,8,0,2,5,0,3,271
2008-07-29,14:35,0,0,0,5,15,9,0,3,7,0,5,3,271
2008-07-29,14:40,0,0,3,16,11,0,2,9,0,6,1,3,222
2008-07-29,14:45,0,2,15,12,0,1,12,0,9,1,1,3,182
2008-07-29,14:50,2,11,11,0,2,14,0,11,0,1,1,2,157
2008-07-29,14:55,4,8,0,1,16,0,14,0,0,1,1,4,163
2008-07-29,15:00,3,0,1,16,0,17,0,0,0,1,2,11,177
2008-07-29,15:05,0,0,16,0,20,0,0,0,0,1,10,0,229
2008-07-29,15:10,1,11,0,20,0,0,0,0,0,11,0,0,278
2008-07-29,15:15,5,0,19,0,0,0,0,0,10,0,0,4,306
2008-07-29,15:20,0,14,0,0,0,0,0,9,0,0,2,2,303
2008-07-29,15:25,6,0,0,0,0,0,9,0,0,2,1,7,263
2008-07-29,15:30,0,0,0,0,0,7,0,0,0,1,5,5,217
2008-07-29,15:35,0,0,0,0,6,0,0,0,0,6,5,4,195
2008-07-29,15:40,0,0,0,4,0,0,0,0,7,7,3,1,185
2008-07-29,15:45,0,0,4,0,0,0,0,8,7,4,1,7,173
2008-07-29,15:50,0,3,0,0,0,0,11,9,3,2,6,2,181
2008-07-29,15:55,2,0,0,0,0,13,12,3,3,6,3,10,183
2008-07-29,16:00,0,0,0,0,15,14,3,4,5,2,8,8,179
2008-07-29,16:05,0,0,0,15,16,3,4,4,3,7,5,0,195
2008-07-29,16:10,0,0,15,18,2,6,4,2,7,4,0,2,207
2008-07-29,16:15,0,11,16,1,6,4,2,9,4,0,1,2,211
2008-07-29,16:20,4,11,1,6,3,2,11,4,0,1,1,3,221
2008-07-29,16:25,5,1,7,2,2,14,6,0,0,1,1,4,219
2008-07-29,16:30,1,4,2,1,15,7,0,0,0,1,2,4,226
2008-07-29,16:35,2,1,1,17,8,0,0,0,0,2,4,5,224
2008-07-29,16:40,1,0,15,9,0,0,0,0,0,4,3,1,222
2008-07-29,16:45,1,11,8,0,0,0,0,0,5,4,1,4,218
2008-07-29,16:50,5,6,0,0,0,0,0,6,3,1,2,4,212
2008-07-29,16:55,2,0,0,0,0,0,8,2,0,3,2,2,208
2008-07-29,17:00,0,0,0,0,0,9,2,0,0,2,1,6,199
2008-07-29,17:05,0,0,0,0,11,2,0,0,0,1,3,4,189
2008-07-29,17:10,0,0,0,12,2,0,0,0,0,3,2,2,182
2008-07-29,17:15,0,0,10,1,0,0,0,0,0,1,1,5,179
2008-07-29,17:20,0,8,1,0,0,0,0,0,0,1,2,9,161
2008-07-29,17:25,3,0,0,0,0,0,0,0,0,2,8,4,158
2008-07-29,17:30,1,0,0,0,0,0,0,0,0,8,6,10,147
2008-07-29,17:35,0,0,0,0,0,0,0,0,7,6,13,2,142
2008-07-29,17:40,0,0,0,0,0,0,0,9,6,16,1,7,130
2008-07-29,17:45,0,0,0,0,0,0,11,8,22,1,4,1,130
2008-07-29,17:50,0,0,0,0,0,14,11,26,0,3,1,0,129
2008-07-29,17:55,0,0,0,0,16,13,37,0,0,1,0,6,128
2008-07-29,18:00,0,0,0,17,14,41,0,0,0,0,5,16,115
2008-07-29,18:05,0,0,15,16,49,0,0,0,0,4,12,0,123
2008-07-29,18:10,0,11,14,51,0,0,0,0,2,11,0,1,131
2008-07-29,18:15,5,11,48,0,0,0,0,3,8,0,1,3,138
2008-07-29,18:20,4,34,0,0,0,0,2,7,0,1,1,2,145
2008-07-29,18:25,15,0,0,0,0,2,6,0,0,1,1,2,149
2008-07-29,18:30,0,0,0,0,1,6,0,0,0,1,1,3,153
2008-07-29,18:35,0,0,0,2,5,0,0,0,0,1,5,4,146
2008-07-29,18:40,0,0,1,3,0,0,0,0,0,7,3,0,140
2008-07-29,18:45,0,0,3,0,0,0,0,0,10,4,0,3,129
2008-07-29,18:50,1,2,0,0,0,0,0,11,3,0,1,6,115
2008-07-29,18:55,2,0,0,0,0,0,16,3,0,1,3,0,111
2008-07-29,19:00,0,0,0,0,0,18,3,0,0,2,0,5,99
2008-07-29,19:05,0,0,0,0,21,3,0,0,0,0,3,6,88
2008-07-29,19:10,0,0,0,23,2,0,0,0,0,1,9,8,72
2008-07-29,19:15,0,0,20,1,0,0,0,0,1,11,6,0,70
2008-07-29,19:20,0,15,1,0,0,0,0,0,13,2,0,0,66
2008-07-29,19:25,6,1,0,0,0,0,0,20,1,0,0,6,56
2008-07-29,19:30,1,0,0,0,0,0,24,0,0,0,2,0,54
2008-07-29,19:35,0,0,0,0,0,29,0,0,0,2,0,0,49
2008-07-29,19:40,0,0,0,0,33,0,0,0,0,0,0,3,39
2008-07-29,19:45,0,0,0,35,0,0,0,0,0,0,2,0,37
2008-07-29,19:50,0,0,33,0,0,0,0,0,0,1,0,3,29
2008-07-29,19:55,0,24,0,0,0,0,0,0,0,0,1,2,24
2008-07-29,20:00,10,0,0,0,0,0,0,0,0,1,1,0,20
2008-07-29,20:05,0,0,0,0,0,0,0,0,0,1,0,3,14
2008-07-29,20:10,0,0,0,0,0,0,0,0,0,0,4,0,10
2008-07-29,20:15,0,0,0,0,0,0,0,0,0,6,0,2,4
2008-07-29,20:20,0,0,0,0,0,0,0,0,7,0,1,3,0
2008-07-29,20:25,0,0,0,0,0,0,0,10,0,1,1,0,2
2008-07-29,20:30,0,0,0,0,0,0,12,0,0,1,0,0,2
2008-07-29,20:35,0,0,0,0,0,15,0,0,0,0,0,0,4
2008-07-29,20:40,0,0,0,0,17,0,0,0,0,0,0,0,5
2008-07-29,20:45,0,0,0,18,0,0,0,0,0,0,0,0,5
2008-07-29,20:50,0,0,17,0,0,0,0,0,0,0,0,0,8
2008-07-29,20:55,0,12,0,0,0,0,0,0,0,0,0,0,9
2008-07-29,21:00,5,0,0,0,0,0,0,0,0,0,0,0,11
2008-07-29,21:05,0,0,0,0,0,0,0,0,0,0,0,0,13
2008-07-29,21:10,0,0,0,0,0,0,0,0,0,0,0,3,12
2008-07-29,21:15,0,0,0,0,0,0,0,0,0,0,4,0,12
2008-07-29,21:20,0,0,0,0,0,0,0,0,0,5,0,0,12
2008-07-29,21:25,0,0,0,0,0,0,0,0,8,0,0,0,10
2008-07-29,21:30,0,0,0,0,0,0,0,9,0,0,0,0,10
2008-07-29,21:35,0,0,0,0,0,0,11,0,0,0,0,0,7
2008-07-29,21:40,0,0,0,0,0,15,0,0,0,0,0,0,5
2008-07-29,21:45,0,0,0,0,16,0,0,0,0,0,0,0,4
2008-07-29,21:50,0,0,0,17,0,0,0,0,0,0,0,2,0
2008-07-29,21:55,0,0,16,0,0,0,0,0,0,0,1,0,0
2008-07-29,22:00,0,11,0,0,0,0,0,0,0,1,0,0,0
2008-07-29,22:05,5,0,0,0,0,0,0,0,0,0,0,0,0
2008-07-29,22:10,0,0,0,0,0,0,0,0,0,0,0,0,0
2008-07-29,22:15,0,0,0,0,0,0,0,0,0,0,0,0,0
2008-07-29,22:20,0,0,0,0,0,0,0,0,0,0,0,0,2
2008-07-29,22:25,0,0,0,0,0,0,0,0,0,0,0,0,2
2008-07-29,22:30,0,0,0,0,0,0,0,0,0,0,0,0,3
2008-07-29,22:35,0,0,0,0,0,0,0,0,0,0,0,0,4
2008-07-29,22:40,0,0,0,0,0,0,0,0,0,0,0,0,5
2008-07-29,22:45,0,0,0,0,0,0,0,0,0,0,0,0,7
2008-07-29,22:50,0,0,0,0,0,0,0,0,0,0,0,0,8
2008-07-29,22:55,0,0,0,0,0,0,0,0,0,0,0,0,9
2008-07-29,23:00,0,0,0,0,0,0,0,0,0,0,0,0,10
2008-07-29,23:05,0,0,0,0,0,0,0,0,0,0,0,0,11
2008-07-29,23:10,0,0,0,0,0,0,0,0,0,0,0,0,12
2008-07-29,23:15,0,0,0,0,0,0,0,0,0,0,0,0,11
2008-07-29,23:20,0,0,0,0,0,0,0,0,0,0,0,0,10
2008-07-29,23:25,0,0,0,0,0,0,0,0,0,0,0,0,9
2008-07-29,23:30,0,0,0,0,0,0,0,0,0,0,0,0,7
2008-07-29,23:35,0,0,0,0,0,0,0,0,0,0,0,0,5
2008-07-29,23:40,0,0,0,0,0,0,0,0,0,0,0,0,3
2008-07-29,23:45,0,0,0,0,0,0,0,0,0,0,0,2,3
2008-07-29,23:50,0,0,0,0,0,0,0,0,0,0,1,0,4
2008-07-29,23:55,0,0,0,0,0,0,0,0,0,1,0,0,9
2008-07-30,00:00,0,0,0,0,0,0,0,0,0,0,0,0,11
2008-07-30,00:05,0,0,0,0,0,0,0,0,0,0,0,0,16
2008-07-30,00:10,0,0,0,0,0,0,0,0,0,0,0,0,19
2008-07-30,00:15,0,0,0,0,0,0,0,0,0,0,0,0,25
2008-07-30,00:20,0,0,0,0,0,0,0,0,0,0,0,0,29
2008-07-30,00:25,0,0,0,0,0,0,0,0,0,0,0,0,35
2008-07-30,00:30,0,0,0,0,0,0,0,0,0,0,0,0,37
2008-07-30,00:35,0,0,0,0,0,0,0,0,0,0,0,0,41
2008-07-30,00:40,0,0,0,0,0,0,0,0,0,0,0,0,41
2008-07-30,00:45,0,0,0,0,0,0,0,0,0,0,0,0,43
2008-07-30,00:50,0,0,0,0,0,0,0,0,0,0,0,0,38
2008-07-30,00:55,0,0,0,0,0,0,0,0,0,0,0,0,35
2008-07-30,01:00,0,0,0,0,0,0,0,0,0,0,0,0,30
2008-07-30,01:05,0,0,0,0,0,0,0,0,0,0,0,0,27
2008-07-30,01:10,0,0,0,0,0,0,0,0,0,0,0,4,18
2008-07-30,01:15,0,0,0,0,0,0,0,0,0,0,2,0,17
2008-07-30,01:20,0,0,0,0,0,0,0,0,0,1,0,4,14
2008-07-30,01:25,0,0,0,0,0,0,0,0,0,0,2,0,15
2008-07-30,01:30,0,0,0,0,0,0,0,0,0,1,0,0,18
2008-07-30,01:35,0,0,0,0,0,0,0,0,0,0,0,0,19
2008-07-30,01:40,0,0,0,0,0,0,0,0,0,0,0,0,21
2008-07-30,01:45,0,0,0,0,0,0,0,0,0,0,0,0,23
2008-07-30,01:50,0,0,0,0,0,0,0,0,0,0,0,0,24
2008-07-30,01:55,0,0,0,0,0,0,0,0,0,0,0,0,27
2008-07-30,02:00,0,0,0,0,0,0,0,0,0,0,0,0,31
2008-07-30,02:05,0,0,0,0,0,0,0,0,0,0,0,0,32
2008-07-30,02:10,0,0,0,0,0,0,0,0,0,0,0,2,37
2008-07-30,02:15,0,0,0,0,0,0,0,0,0,0,1,0,40
2008-07-30,02:20,0,0,0,0,0,0,0,0,0,1,0,0,47
2008-07-30,02:25,0,0,0,0,0,0,0,0,0,0,0,0,56
2008-07-30,02:30,0,0,0,0,0,0,0,0,0,0,0,2,65
2008-07-30,02:35,0,0,0,0,0,0,0,0,0,0,1,0,72
2008-07-30,02:40,0,0,0,0,0,0,0,0,0,1,0,0,89
2008-07-30,02:45,0,0,0,0,0,0,0,0,0,0,0,0,90
2008-07-30,02:50,0,0,0,0,0,0,0,0,0,0,0,0,101
2008-07-30,02:55,0,0,0,0,0,0,0,0,0,0,0,5,100
2008-07-30,03:00,0,0,0,0,0,0,0,0,0,0,5,3,105
2008-07-30,03:05,0,0,0,0,0,0,0,0,0,5,5,0,108
2008-07-30,03:10,0,0,0,0,0,0,0,0,4,8,0,2,115
2008-07-30,03:15,0,0,0,0,0,0,0,4,8,0,1,3,121
2008-07-30,03:20,0,0,0,0,0,0,4,13,0,1,1,3,126
2008-07-30,03:25,0,0,0,0,0,3,14,0,0,1,1,7,135
2008-07-30,03:30,0,0,0,0,3,18,0,0,0,1,5,3,151
2008-07-30,03:35,0,0,0,2,21,0,0,0,0,8,1,14,148
2008-07-30,03:40,0,0,2,21,0,0,0,0,6,1,16,10,153
2008-07-30,03:45,0,1,21,0,0,0,0,9,0,16,10,3,161
2008-07-30,03:50,1,15,0,0,0,0,10,0,18,9,1,3,171
2008-07-30,03:55,6,0,0,0,0,9,0,18,9,1,4,0,183
2008-07-30,04:00,0,0,0,0,13,0,21,9,0,5,0,5,186
2008-07-30,04:05,0,0,0,12,0,20,7,0,7,0,2,5,192
2008-07-30,04:10,0,0,11,0,24,7,0,10,0,2,4,0,200
2008-07-30,04:15,0,7,0,21,5,0,11,0,0,4,0,2,204
2008-07-30,04:20,4,0,19,4,0,14,0,0,3,0,1,0,215
2008-07-30,04:25,0,14,4,0,16,0,0,2,0,1,0,9,222
2008-07-30,04:30,7,2,0,17,0,0,3,0,0,0,4,8,225
2008-07-30,04:35,2,0,16,0,0,2,0,0,0,4,9,3,242
2008-07-30,04:40,0,11,0,0,1,0,0,0,0,12,1,6,256
2008-07-30,04:45,5,0,0,2,0,0,0,0,12,1,7,1,264
2008-07-30,04:50,0,0,1,0,0,0,0,16,0,7,1,5,277
2008-07-30,04:55,0,0,0,0,0,0,21,0,5,1,2,3,283
2008-07-30,05:00,1,0,0,0,0,25,0,7,0,2,4,3,292
2008-07-30,05:05,0,0,0,0,28,0,6,0,0,5,1,4,291
2008-07-30,05:10,0,0,0,31,0,6,0,0,7,1,3,1,294
2008-07-30,05:15,0,0,28,0,7,0,0,9,0,2,1,7,287
2008-07-30,05:20,0,19,0,7,0,0,12,0,0,1,3,5,286
2008-07-30,05:25,9,0,5,0,0,14,0,0,0,3,3,6,266
2008-07-30,05:30,0,5,0,0,16,0,0,0,0,5,7,5,263
2008-07-30,05:35,2,0,0,16,0,0,0,0,4,7,2,11,243
2008-07-30,05:40,0,0,16,0,0,0,0,6,7,2,7,3,236
2008-07-30,05:45,0,11,0,0,0,0,8,8,0,7,1,6,227
2008-07-30,05:50,5,0,0,0,0,9,10,0,3,1,4,10,211
2008-07-30,05:55,0,0,0,0,10,12,0,3,0,2,5,4,211
2008-07-30,06:00,0,0,0,11,15,0,3,0,0,4,2,0,204
2008-07-30,06:05,0,0,10,15,0,2,0,0,0,2,0,18,181
2008-07-30,06:10,0,8,14,0,2,0,0,0,2,0,13,10,165
2008-07-30,06:15,3,10,0,2,0,0,0,3,0,10,9,5,154
2008-07-30,06:20,4,0,1,0,0,0,3,0,8,10,3,3,148
2008-07-30,06:25,0,1,0,0,0,4,0,7,8,4,1,8,136
2008-07-30,06:30,1,0,0,0,5,0,6,7,4,1,5,13,116
2008-07-30,06:35,0,0,0,5,0,6,7,5,0,4,14,4,117
2008-07-30,06:40,0,0,4,0,4,6,6,0,3,12,2,12,108
2008-07-30,06:45,0,4,0,4,4,8,0,3,11,2,8,3,113
2008-07-30,06:50,1,0,2,4,8,0,2,10,0,7,1,17,106
2008-07-30,06:55,0,2,3,10,0,2,8,0,4,1,18,3,110
2008-07-30,07:00,2,2,8,0,1,8,0,4,0,17,4,3,115
2008-07-30,07:05,2,6,0,2,6,0,4,0,16,5,3,5,111
2008-07-30,07:10,3,0,1,5,0,3,0,15,7,5,2,0,120
2008-07-30,07:15,0,0,4,0,2,0,13,8,7,2,0,10,112
2008-07-30,07:20,1,2,0,2,0,12,12,9,0,0,9,4,111
2008-07-30,07:25,3,0,2,0,11,13,11,0,0,9,2,0,112
2008-07-30,07:30,0,1,0,7,16,13,0,0,9,1,0,3,105
2008-07-30,07:35,1,0,6,16,15,0,0,8,0,0,3,0,102
2008-07-30,07:40,0,4,15,17,0,0,7,0,0,5,0,4,100
2008-07-30,07:45,4,11,15,0,0,6,0,0,7,0,2,5,91
2008-07-30,07:50,5,10,0,0,5,0,0,8,0,2,3,6,94
2008-07-30,07:55,5,0,0,5,0,0,11,0,0,2,7,8,90
2008-07-30,08:00,0,0,3,0,0,13,0,0,0,6,10,3,89
2008-07-30,08:05,0,2,0,0,15,0,0,0,7,13,1,0,92
2008-07-30,08:10,2,0,0,15,0,0,0,9,14,1,0,0,93
2008-07-30,08:15,0,0,15,0,0,0,12,19,0,0,0,1,85
2008-07-30,08:20,0,11,0,0,0,14,22,0,0,0,1,0,86
2008-07-30,08:25,4,0,0,0,16,24,0,0,0,1,0,0,83
2008-07-30,08:30,0,0,0,16,28,0,0,0,0,0,0,2,76
2008-07-30,08:35,0,0,16,30,0,0,0,0,0,0,1,5,72
2008-07-30,08:40,0,11,27,0,0,0,0,0,0,1,3,0,78
2008-07-30,08:45,5,20,0,0,0,0,0,0,0,2,0,9,75
2008-07-30,08:50,8,0,0,0,0,0,0,0,0,0,6,2,86
2008-07-30,08:55,0,0,0,0,0,0,0,0,0,5,1,0,100
2008-07-30,09:00,0,0,0,0,0,0,0,0,3,1,0,0,116
2008-07-30,09:05,0,0,0,0,0,0,0,2,0,0,0,2,124
2008-07-30,09:10,0,0,0,0,0,0,2,0,0,0,4,0,144
2008-07-30,09:15,0,0,0,0,0,2,0,0,0,6,0,0,155
2008-07-30,09:20,0,0,0,0,2,0,0,0,7,0,0,0,164
2008-07-30,09:25,0,0,0,1,0,0,0,9,0,0,0,0,175
2008-07-30,09:30,0,0,1,0,0,0,12,0,0,0,0,15,170
2008-07-30,09:35,0,0,0,0,0,15,0,0,0,0,12,0,173
2008-07-30,09:40,1,0,0,0,16,0,0,0,0,12,0,3,186
2008-07-30,09:45,0,0,0,17,0,0,0,0,10,0,2,4,182
2008-07-30,09:50,0,0,16,0,0,0,0,11,0,3,4,6,186
2008-07-30,09:55,0,12,0,0,0,0,10,0,2,5,3,5,198
2008-07-30,10:00,5,0,0,0,0,10,0,3,3,3,2,2,206
2008-07-30,10:05,0,0,0,0,11,0,2,3,0,2,1,3,213
2008-07-30,10:10,0,0,0,9,0,1,3,0,0,1,2,3,228
2008-07-30,10:15,0,0,7,0,2,2,0,0,0,2,4,2,234
2008-07-30,10:20,0,6,0,1,2,0,0,0,0,7,1,15,219
2008-07-30,10:25,3,0,1,2,0,0,0,0,8,1,13,4,221
2008-07-30,10:30,0,0,1,0,0,0,0,11,0,13,5,1,210
2008-07-30,10:35,1,1,0,0,0,0,13,0,11,6,1,12,198
2008-07-30,10:40,1,0,0,0,0,17,0,10,9,1,7,2,188
2008-07-30,10:45,0,0,0,0,19,0,9,12,0,8,1,6,187
2008-07-30,10:50,0,0,0,19,0,8,14,0,7,1,2,3,182
2008-07-30,10:55,0,0,19,0,7,18,0,8,0,3,2,7,184
2008-07-30,11:00,0,13,0,5,20,0,12,0,0,2,5,3,180
2008-07-30,11:05,6,0,5,22,0,13,0,0,0,6,2,4,186
2008-07-30,11:10,0,3,19,0,16,0,0,0,3,2,3,1,195
2008-07-30,11:15,2,15,0,16,0,0,0,3,0,3,1,23,184
2008-07-30,11:20,6,0,15,0,0,0,3,0,0,1,23,13,180
2008-07-30,11:25,0,11,0,0,0,2,0,0,2,24,10,5,189
2008-07-30,11:30,5,0,0,0,2,0,0,3,24,10,6,16,183
2008-07-30,11:35,0,0,0,1,0,0,3,23,8,8,18,11,193
2008-07-30,11:40,0,0,1,0,0,4,25,7,8,17,10,25,169
2008-07-30,11:45,0,1,0,0,4,25,7,12,19,9,21,0,182
2008-07-30,11:50,1,0,0,5,25,5,14,20,8,22,0,5,180
2008-07-30,11:55,0,0,4,25,5,16,19,8,20,0,6,0,185
2008-07-30,12:00,0,4,21,3,20,20,6,17,0,7,0,14,162
2008-07-30,12:05,1,15,3,21,22,6,16,0,9,0,13,2,154
2008-07-30,12:10,9,2,19,20,4,13,0,11,0,13,1,9,146
2008-07-30,12:15,2,14,19,4,12,0,14,0,11,1,7,5,134
2008-07-30,12:20,6,13,3,9,0,17,0,11,0,8,4,11,123
2008-07-30,12:25,7,2,7,0,20,0,10,0,8,4,7,4,112
2008-07-30,12:30,2,4,0,20,0,7,0,11,5,8,2,8,105
2008-07-30,12:35,5,0,19,0,7,0,14,6,5,1,6,0,102
2008-07-30,12:40,0,14,0,5,0,17,8,5,0,7,0,2,96
2008-07-30,12:45,6,0,5,0,19,9,4,0,7,0,1,9,83
2008-07-30,12:50,0,2,0,20,11,4,0,9,0,1,10,5,74
2008-07-30,12:55,3,0,19,12,4,0,12,0,0,10,3,3,72
2008-07-30,13:00,0,13,10,3,0,14,0,0,9,4,1,7,65
2008-07-30,13:05,6,8,2,0,16,0,0,9,5,1,3,3,69
2008-07-30,13:10,3,0,0,16,0,0,8,5,0,3,1,0,78
2008-07-30,13:15,2,0,16,0,0,6,7,0,0,1,0,7,79
2008-07-30,13:20,0,11,0,0,6,9,0,0,0,0,7,0,83
2008-07-30,13:25,5,0,0,4,10,0,0,0,0,7,0,0,84
2008-07-30,13:30,0,0,3,10,0,0,0,0,7,0,0,0,90
2008-07-30,13:35,0,3,10,0,0,0,0,6,0,0,0,3,89
2008-07-30,13:40,2,7,0,0,0,0,5,0,0,0,1,0,90
2008-07-30,13:45,3,0,0,0,0,6,0,0,0,1,0,2,88
2008-07-30,13:50,0,0,0,0,4,0,0,0,0,0,1,3,88
2008-07-30,13:55,0,0,0,2,0,0,0,0,0,1,1,0,92
2008-07-30,14:00,0,0,2,0,0,0,0,0,0,1,0,2,94
2008-07-30,14:05,0,2,0,0,0,0,0,0,0,0,1,5,97
2008-07-30,14:10,2,0,0,0,0,0,0,0,0,1,4,0,99
2008-07-30,14:15,0,0,0,0,0,0,0,0,0,4,0,6,102
2008-07-30,14:20,0,0,0,0,0,0,0,0,5,0,3,3,104
2008-07-30,14:25,0,0,0,0,0,0,0,6,0,4,4,2,106
2008-07-30,14:30,0,0,0,0,0,0,8,0,2,6,1,3,114
2008-07-30,14:35,0,0,0,0,0,9,0,3,8,1,4,6,123
2008-07-30,14:40,0,0,0,0,11,0,2,10,0,6,3,0,129
2008-07-30,14:45,0,0,0,12,0,1,12,0,8,2,0,0,145
2008-07-30,14:50,0,0,10,0,2,15,0,10,0,0,0,0,152
2008-07-30,14:55,0,8,0,1,18,0,13,0,0,0,0,5,159
2008-07-30,15:00,3,0,1,18,0,15,0,0,0,0,3,0,169
2008-07-30,15:05,0,0,17,0,17,0,0,0,0,2,0,0,177
2008-07-30,15:10,1,13,0,19,0,0,0,0,0,0,0,0,182
2008-07-30,15:15,5,0,17,0,0,0,0,0,0,0,0,4,190
2008-07-30,15:20,0,13,0,0,0,0,0,0,0,0,2,0,198
2008-07-30,15:25,5,0,0,0,0,0,0,0,0,2,0,9,195
2008-07-30,15:30,0,0,0,0,0,0,0,0,0,0,5,7,197
2008-07-30,15:35,0,0,0,0,0,0,0,0,0,6,6,3,200
2008-07-30,15:40,0,0,0,0,0,0,0,0,5,6,4,4,204
2008-07-30,15:45,0,0,0,0,0,0,0,7,7,4,3,7,206
2008-07-30,15:50,0,0,0,0,0,0,8,9,3,3,6,3,210
2008-07-30,15:55,0,0,0,0,0,10,11,3,3,6,2,10,209
2008-07-30,16:00,0,0,0,0,11,14,3,3,5,3,7,10,208
2008-07-30,16:05,0,0,0,12,16,2,4,4,3,8,7,0,217
2008-07-30,16:10,0,0,11,17,2,6,4,2,7,6,0,5,228
2008-07-30,16:15,0,9,15,2,6,3,2,10,3,0,5,2,239
2008-07-30,16:20,3,11,1,6,3,2,12,5,0,6,1,3,240
2008-07-30,16:25,5,1,6,2,2,14,5,0,7,1,2,4,237
2008-07-30,16:30,1,4,2,1,17,7,0,8,0,2,2,4,241
2008-07-30,16:35,2,1,1,17,8,0,12,0,0,2,3,6,233
2008-07-30,16:40,1,0,16,8,0,13,0,0,0,5,8,4,224
2008-07-30,16:45,1,12,7,0,16,0,0,0,4,10,2,5,210
2008-07-30,16:50,5,6,0,16,0,0,0,6,9,2,2,5,201
2008-07-30,16:55,2,0,15,0,0,0,8,12,0,3,2,1,189
2008-07-30,17:00,0,11,0,0,0,9,14,0,0,2,1,4,178
2008-07-30,17:05,5,0,0,0,10,17,0,0,0,1,2,7,160
2008-07-30,17:10,0,0,0,11,17,0,0,0,0,2,4,5,149
2008-07-30,17:15,0,0,10,19,0,0,0,0,0,2,2,9,137
2008-07-30,17:20,0,8,17,0,0,0,0,0,0,2,7,8,125
2008-07-30,17:25,3,12,0,0,0,0,0,0,0,8,6,6,126
2008-07-30,17:30,6,0,0,0,0,0,0,0,9,7,5,8,115
2008-07-30,17:35,0,0,0,0,0,0,0,12,7,6,7,2,116
2008-07-30,17:40,0,0,0,0,0,0,15,8,7,10,1,5,107
2008-07-30,17:45,0,0,0,0,0,18,11,9,14,1,3,1,105
2008-07-30,17:50,0,0,0,0,20,13,11,18,0,3,1,0,108
2008-07-30,17:55,0,0,0,22,15,14,21,0,0,1,0,5,105
2008-07-30,18:00,0,0,20,16,16,26,0,0,0,0,4,15,94
2008-07-30,18:05,0,15,15,17,30,0,0,0,0,3,14,0,99
2008-07-30,18:10,6,11,15,32,0,0,0,0,3,13,0,3,100
2008-07-30,18:15,4,11,29,0,0,0,0,3,12,0,2,0,103
2008-07-30,18:20,5,23,0,0,0,0,2,9,0,2,0,1,103
2008-07-30,18:25,8,0,0,0,0,2,9,0,0,0,1,2,100
2008-07-30,18:30,0,0,0,0,1,8,0,0,0,1,1,1,107
2008-07-30,18:35,0,0,0,2,7,0,0,0,0,1,1,4,103
2008-07-30,18:40,0,0,1,4,0,0,0,0,0,1,3,3,98
2008-07-30,18:45,0,0,5,0,0,0,0,0,3,4,1,0,100
2008-07-30,18:50,1,2,0,0,0,0,0,2,3,1,0,7,89
2008-07-30,18:55,3,0,0,0,0,0,4,3,0,0,3,0,98
2008-07-30,19:00,0,0,0,0,0,4,3,0,0,2,0,3,101
2008-07-30,19:05,0,0,0,0,5,3,0,0,0,0,1,4,99
2008-07-30,19:10,0,0,0,5,2,0,0,0,0,1,7,3,102
2008-07-30,19:15,0,0,4,1,0,0,0,0,0,9,1,0,102
2008-07-30,19:20,0,4,1,0,0,0,0,0,12,1,0,3,102
2008-07-30,19:25,1,1,0,0,0,0,0,15,0,0,4,6,98
2008-07-30,19:30,1,0,0,0,0,0,20,0,0,5,2,3,99
2008-07-30,19:35,0,0,0,0,0,25,0,0,8,2,2,0,97
2008-07-30,19:40,0,0,0,0,27,0,0,9,0,1,0,0,96
2008-07-30,19:45,0,0,0,28,0,0,12,0,0,0,0,0,90
2008-07-30,19:50,0,0,27,0,0,15,0,0,0,0,0,0,82
2008-07-30,19:55,0,20,0,0,17,0,0,0,0,0,0,7,68
2008-07-30,20:00,8,0,0,18,0,0,0,0,0,0,3,2,57
2008-07-30,20:05,0,0,16,0,0,0,0,0,0,3,1,0,50
2008-07-30,20:10,0,12,0,0,0,0,0,0,0,1,0,0,44
2008-07-30,20:15,5,0,0,0,0,0,0,0,0,0,0,2,36
2008-07-30,20:20,0,0,0,0,0,0,0,0,0,0,1,4,28
2008-07-30,20:25,0,0,0,0,0,0,0,0,0,1,2,4,22
2008-07-30,20:30,0,0,0,0,0,0,0,0,0,1,2,0,23
2008-07-30,20:35,0,0,0,0,0,0,0,0,1,2,0,0,27
2008-07-30,20:40,0,0,0,0,0,0,0,0,0,0,0,0,25
2008-07-30,20:45,0,0,0,0,0,0,0,0,0,0,0,0,26
2008-07-30,20:50,0,0,0,0,0,0,0,0,0,0,0,0,25
2008-07-30,20:55,0,0,0,0,0,0,0,0,0,0,0,0,23
2008-07-30,21:00,0,0,0,0,0,0,0,0,0,0,0,0,22
2008-07-30,21:05,0,0,0,0,0,0,0,0,0,0,0,3,16
2008-07-30,21:10,0,0,0,0,0,0,0,0,0,0,1,3,12
2008-07-30,21:15,0,0,0,0,0,0,0,0,0,1,4,0,9
2008-07-30,21:20,0,0,0,0,0,0,0,0,0,6,0,0,7
2008-07-30,21:25,0,0,0,0,0,0,0,0,7,0,0,0,5
2008-07-30,21:30,0,0,0,0,0,0,0,10,0,0,0,3,0
2008-07-30,21:35,0,0,0,0,0,0,12,0,0,0,1,0,0
2008-07-30,21:40,0,0,0,0,0,15,0,0,0,1,0,0,0
2008-07-30,21:45,0,0,0,0,18,0,0,0,0,0,0,0,0
2008-07-30,21:50,0,0,0,18,0,0,0,0,0,0,0,0,1
2008-07-30,21:55,0,0,17,0,0,0,0,0,0,0,0,0,2
2008-07-30,22:00,0,12,0,0,0,0,0,0,0,0,0,0,5
2008-07-30,22:05,5,0,0,0,0,0,0,0,0,0,0,0,5
2008-07-30,22:10,0,0,0,0,0,0,0,0,0,0,0,0,7
2008-07-30,22:15,0,0,0,0,0,0,0,0,0,0,0,0,11
2008-07-30,22:20,0,0,0,0,0,0,0,0,0,0,0,0,13
2008-07-30,22:25,0,0,0,0,0,0,0,0,0,0,0,0,15
2008-07-30,22:30,0,0,0,0,0,0,0,0,0,0,0,0,19
2008-07-30,22:35,0,0,0,0,0,0,0,0,0,0,0,0,22
2008-07-30,22:40,0,0,0,0,0,0,0,0,0,0,0,0,24
2008-07-30,22:45,0,0,0,0,0,0,0,0,0,0,0,0,27
2008-07-30,22:50,0,0,0,0,0,0,0,0,0,0,0,0,26
2008-07-30,22:55,0,0,0,0,0,0,0,0,0,0,0,0,26
2008-07-30,23:00,0,0,0,0,0,0,0,0,0,0,0,11,13
2008-07-30,23:05,0,0,0,0,0,0,0,0,0,0,12,0,11
2008-07-30,23:10,0,0,0,0,0,0,0,0,0,12,0,0,7
2008-07-30,23:15,0,0,0,0,0,0,0,0,11,0,0,0,5
2008-07-30,23:20,0,0,0,0,0,0,0,10,0,0,0,3,0
2008-07-30,23:25,0,0,0,0,0,0,9,0,0,0,2,0,0
2008-07-30,23:30,0,0,0,0,0,8,0,0,0,1,0,0,0
2008-07-30,23:35,0,0,0,0,6,0,0,0,0,0,0,0,0
2008-07-30,23:40,0,0,0,6,0,0,0,0,0,0,0,0,0
2008-07-30,23:45,0,0,4,0,0,0,0,0,0,0,0,0,0
2008-07-30,23:50,0,3,0,0,0,0,0,0,0,0,0,0,0
2008-07-30,23:55,2,0,0,0,0,0,0,0,0,0,0,0,0
2008-07-31,00:00,0,0,0,0,0,0,0,0,0,0,0,0,0
2008-07-31,00:05,0,0,0,0,0,0,0,0,0,0,0,0,0
2008-07-31,00:10,0,0,0,0,0,0,0,0,0,0,0,0,0
2008-07-31,00:15,0,0,0,0,0,0,0,0,0,0,0,0,0
2008-07-31,00:20,0,0,0,0,0,0,0,0,0,0,0,0,0
2008-07-31,00:25,0,0,0,0,0,0,0,0,0,0,0,0,0
2008-07-31,00:30,0,0,0,0,0,0,0,0,0,0,0,0,0
2008-07-31,00:35,0,0,0,0,0,0,0,0,0,0,0,0,0
2008-07-31,00:40,0,0,0,0,0,0,0,0,0,0,0,0,0
2008-07-31,00:45,0,0,0,0,0,0,0,0,0,0,0,0,1
2008-07-31,00:50,0,0,0,0,0,0,0,0,0,0,0,0,2
2008-07-31,00:55,0,0,0,0,0,0,0,0,0,0,0,0,4
2008-07-31,01:00,0,0,0,0,0,0,0,0,0,0,0,0,6
2008-07-31,01:05,0,0,0,0,0,0,0,0,0,0,0,0,7
2008-07-31,01:10,0,0,0,0,0,0,0,0,0,0,0,0,9
2008-07-31,01:15,0,0,0,0,0,0,0,0,0,0,0,0,12
2008-07-31,01:20,0,0,0,0,0,0,0,0,0,0,0,0,15
2008-07-31,01:25,0,0,0,0,0,0,0,0,0,0,0,0,16
2008-07-31,01:30,0,0,0,0,0,0,0,0,0,0,0,0,19
2008-07-31,01:35,0,0,0,0,0,0,0,0,0,0,0,0,20
2008-07-31,01:40,0,0,0,0,0,0,0,0,0,0,0,0,20
2008-07-31,01:45,0,0,0,0,0,0,0,0,0,0,0,0,20
2008-07-31,01:50,0,0,0,0,0,0,0,0,0,0,0,0,19
2008-07-31,01:55,0,0,0,0,0,0,0,0,0,0,0,0,17
2008-07-31,02:00,0,0,0,0,0,0,0,0,0,0,0,0,15
2008-07-31,02:05,0,0,0,0,0,0,0,0,0,0,0,0,15
2008-07-31,02:10,0,0,0,0,0,0,0,0,0,0,0,2,13
2008-07-31,02:15,0,0,0,0,0,0,0,0,0,0,0,0,12
2008-07-31,02:20,0,0,0,0,0,0,0,0,0,1,0,2,14
2008-07-31,02:25,0,0,0,0,0,0,0,0,0,0,1,0,16
2008-07-31,02:30,0,0,0,0,0,0,0,0,0,1,0,0,23
2008-07-31,02:35,0,0,0,0,0,0,0,0,0,0,0,0,30
2008-07-31,02:40,0,0,0,0,0,0,0,0,0,0,0,0,32
2008-07-31,02:45,0,0,0,0,0,0,0,0,0,0,0,0,38
2008-07-31,02:50,0,0,0,0,0,0,0,0,0,0,0,0,51
2008-07-31,02:55,0,0,0,0,0,0,0,0,0,0,0,5,48
2008-07-31,03:00,0,0,0,0,0,0,0,0,0,0,5,3,59
2008-07-31,03:05,0,0,0,0,0,0,0,0,0,5,6,0,70
2008-07-31,03:10,0,0,0,0,0,0,0,0,5,7,0,0,82
2008-07-31,03:15,0,0,0,0,0,0,0,4,9,0,0,0,94
2008-07-31,03:20,0,0,0,0,0,0,4,12,0,0,0,2,105
2008-07-31,03:25,0,0,0,0,0,4,14,0,0,0,3,5,119
2008-07-31,03:30,0,0,0,0,3,19,0,0,0,3,3,14,120
2008-07-31,03:35,0,0,0,2,21,0,0,0,5,4,12,18,119
2008-07-31,03:40,0,0,2,21,0,0,0,6,2,12,18,19,116
2008-07-31,03:45,0,1,20,0,0,0,7,3,11,23,18,0,132
2008-07-31,03:50,1,15,0,0,0,9,2,10,26,18,0,3,138
2008-07-31,03:55,6,0,0,0,11,1,8,28,18,0,5,10,141
2008-07-31,04:00,0,0,0,11,2,8,32,16,0,6,9,2,143
2008-07-31,04:05,0,0,10,1,6,36,15,0,9,9,1,3,139
2008-07-31,04:10,0,8,1,5,38,12,0,11,9,1,2,0,147
2008-07-31,04:15,3,0,4,39,10,0,14,8,0,3,0,1,148
2008-07-31,04:20,1,3,36,8,0,18,7,0,2,0,1,2,157
2008-07-31,04:25,2,25,7,0,19,6,0,3,0,1,0,7,167
2008-07-31,04:30,12,4,0,21,5,0,2,0,0,1,3,11,165
2008-07-31,04:35,4,0,19,5,0,1,0,0,0,3,10,0,186
2008-07-31,04:40,0,14,3,0,2,0,0,0,0,12,0,6,195
2008-07-31,04:45,6,2,0,1,0,0,0,0,14,0,7,0,206
2008-07-31,04:50,2,0,1,0,0,0,0,16,0,7,0,0,220
2008-07-31,04:55,0,0,0,0,0,0,21,0,6,0,0,0,214
2008-07-31,05:00,1,0,0,0,0,26,0,5,0,0,0,0,224
2008-07-31,05:05,0,0,0,0,29,0,6,0,0,0,0,4,211
2008-07-31,05:10,0,0,0,31,0,7,0,0,0,0,3,8,204
2008-07-31,05:15,0,0,29,0,7,0,0,0,0,2,7,6,194
2008-07-31,05:20,0,20,0,6,0,0,0,0,0,8,2,4,186
2008-07-31,05:25,9,0,6,0,0,0,0,0,9,2,5,6,184
2008-07-31,05:30,0,5,0,0,0,0,0,11,0,7,6,0,196
2008-07-31,05:35,2,0,0,0,0,0,14,0,7,8,0,9,227
2008-07-31,05:40,0,0,0,0,0,18,0,9,7,0,6,5,313
2008-07-31,05:45,0,0,0,0,19,0,12,9,0,6,3,6,443
2008-07-31,05:50,0,0,0,21,0,14,11,0,3,2,4,3,590
2008-07-31,05:55,0,0,19,0,16,13,0,3,0,2,2,7,669
2008-07-31,06:00,0,14,0,18,15,0,3,0,0,1,4,0,639
2008-07-31,06:05,6,0,16,16,0,2,0,0,0,4,0,13,478
2008-07-31,06:10,0,11,15,0,2,0,0,0,2,0,10,5,314
2008-07-31,06:15,5,11,0,2,0,0,0,3,0,10,6,4,197
2008-07-31,06:20,4,0,1,0,0,0,2,0,8,4,5,0,147
2008-07-31,06:25,0,1,0,0,0,1,0,7,5,6,0,7,118
2008-07-31,06:30,1,0,0,0,2,0,7,5,6,0,4,11,103
2008-07-31,06:35,0,0,0,1,0,6,4,8,0,5,11,4,101
2008-07-31,06:40,0,0,1,0,4,3,11,0,2,11,2,11,90
2008-07-31,06:45,0,0,0,4,3,13,0,3,11,2,7,0,99
2008-07-31,06:50,1,0,3,2,14,0,2,9,0,6,0,4,100
2008-07-31,06:55,0,2,2,16,0,1,9,0,5,0,2,3,103
2008-07-31,07:00,2,1,14,0,2,8,0,4,0,1,3,5,103
2008-07-31,07:05,1,11,0,1,6,0,3,0,0,5,5,2,105
2008-07-31,07:10,4,0,1,5,0,3,0,0,7,6,1,0,109
2008-07-31,07:15,0,0,4,0,2,0,0,9,6,1,0,9,96
2008-07-31,07:20,1,2,0,2,0,0,11,9,0,0,9,0,96
2008-07-31,07:25,3,0,2,0,0,13,11,0,0,10,0,0,96
2008-07-31,07:30,0,1,0,0,15,14,0,0,9,0,0,9,81
2008-07-31,07:35,1,0,0,17,15,0,0,8,0,0,7,2,83
2008-07-31,07:40,0,0,15,16,0,0,7,0,0,7,1,4,80
2008-07-31,07:45,0,10,15,0,0,6,0,0,7,1,2,0,85
2008-07-31,07:50,5,11,0,0,5,0,0,9,0,2,0,3,92
2008-07-31,07:55,5,0,0,4,0,0,11,0,0,0,4,7,86
2008-07-31,08:00,0,0,4,0,0,14,0,0,0,6,10,5,83
2008-07-31,08:05,0,2,0,0,15,0,0,0,8,13,3,0,90
2008-07-31,08:10,2,0,0,17,0,0,0,10,15,2,0,0,93
2008-07-31,08:15,0,0,15,0,0,0,12,18,0,0,0,2,91
2008-07-31,08:20,0,11,0,0,0,15,22,0,0,0,1,0,94
2008-07-31,08:25,5,0,0,0,18,25,0,0,0,1,0,0,101
2008-07-31,08:30,0,0,0,18,29,0,0,0,0,0,0,2,93
2008-07-31,08:35,0,0,17,30,0,0,0,0,0,0,1,2,95
2008-07-31,08:40,0,13,27,0,0,0,0,0,0,1,1,0,92
2008-07-31,08:45,5,20,0,0,0,0,0,0,0,1,0,6,93
2008-07-31,08:50,8,0,0,0,0,0,0,0,0,0,4,5,90
2008-07-31,08:55,0,0,0,0,0,0,0,0,0,4,2,0,98
2008-07-31,09:00,0,0,0,0,0,0,0,0,3,2,0,2,96
2008-07-31,09:05,0,0,0,0,0,0,0,2,0,0,1,3,99
2008-07-31,09:10,0,0,0,0,0,0,2,0,0,1,4,0,100
2008-07-31,09:15,0,0,0,0,0,2,0,0,0,5,0,1,104
2008-07-31,09:20,0,0,0,0,2,0,0,0,8,0,1,3,102
2008-07-31,09:25,0,0,0,1,0,0,0,9,0,1,1,0,106
2008-07-31,09:30,0,0,1,0,0,0,11,0,0,1,0,5,99
2008-07-31,09:35,0,0,0,0,0,15,0,0,0,0,3,0,109
2008-07-31,09:40,1,0,0,0,16,0,0,0,0,3,0,0,113
2008-07-31,09:45,0,0,0,17,0,0,0,0,2,0,0,3,117
2008-07-31,09:50,0,0,16,0,0,0,0,3,0,0,4,9,120
2008-07-31,09:55,0,11,0,0,0,0,3,0,0,3,4,0,140
2008-07-31,10:00,5,0,0,0,0,4,0,0,4,4,0,2,154
2008-07-31,10:05,0,0,0,0,4,0,0,3,0,0,1,2,170
2008-07-31,10:10,0,0,0,5,0,0,2,0,0,1,1,3,184
2008-07-31,10:15,0,0,4,0,0,3,0,0,0,1,4,0,198
2008-07-31,10:20,0,4,0,0,2,0,0,0,0,7,0,0,207
2008-07-31,10:25,1,0,0,1,0,0,0,0,8,0,0,4,209
2008-07-31,10:30,0,0,1,0,0,0,0,11,0,0,5,3,203
2008-07-31,10:35,0,1,0,0,0,0,13,0,0,6,1,2,202
2008-07-31,10:40,1,0,0,0,0,17,0,0,9,1,4,7,204
2008-07-31,10:45,0,0,0,0,19,0,0,13,0,4,2,4,197
2008-07-31,10:50,0,0,0,19,0,0,14,0,5,3,2,5,188
2008-07-31,10:55,0,0,19,0,0,18,0,6,0,2,2,4,191
2008-07-31,11:00,0,13,0,0,21,0,8,0,0,2,3,6,177
2008-07-31,11:05,6,0,0,22,0,10,0,0,0,4,3,5,178
2008-07-31,11:10,0,0,20,0,11,0,0,0,3,3,3,1,181
2008-07-31,11:15,0,15,0,12,0,0,0,3,0,3,1,18,172
2008-07-31,11:20,6,0,11,0,0,0,3,0,0,2,16,16,164
2008-07-31,11:25,0,8,0,0,0,3,0,0,2,16,12,4,175
2008-07-31,11:30,3,0,0,0,2,0,0,2,15,11,5,15,158
2008-07-31,11:35,0,0,0,1,0,0,4,17,7,8,16,8,156
2008-07-31,11:40,0,0,1,0,0,4,17,8,10,18,9,32,115
2008-07-31,11:45,0,1,0,0,5,20,6,13,18,8,30,0,114
2008-07-31,11:50,1,0,0,5,20,5,16,19,7,27,0,6,102
2008-07-31,11:55,0,0,5,21,5,19,21,8,27,0,5,0,97
2008-07-31,12:00,0,4,18,3,23,20,6,23,0,8,0,15,77
2008-07-31,12:05,1,13,3,24,22,5,21,0,8,0,10,3,69
2008-07-31,12:10,7,2,22,20,5,19,0,11,0,11,2,4,63
2008-07-31,12:15,2,16,19,3,15,0,13,0,8,2,5,2,61
2008-07-31,12:20,7,14,3,12,0,17,0,7,0,7,3,11,49
2008-07-31,12:25,7,2,10,0,19,0,7,0,7,3,9,0,48
2008-07-31,12:30,2,6,0,19,0,6,0,10,5,6,0,3,50
2008-07-31,12:35,6,0,19,0,4,0,12,6,6,0,4,0,49
2008-07-31,12:40,0,13,0,4,0,15,7,4,0,5,0,2,50
2008-07-31,12:45,6,0,3,0,17,9,4,0,7,0,1,3,51
2008-07-31,12:50,0,2,0,18,11,4,0,10,0,1,1,2,51
2008-07-31,12:55,2,0,17,11,4,0,11,0,0,1,3,0,55
2008-07-31,13:00,0,12,10,2,0,14,0,0,0,4,0,1,53
2008-07-31,13:05,5,8,2,0,16,0,0,0,4,0,0,0,56
2008-07-31,13:10,3,0,0,17,0,0,0,7,0,0,0,0,56
2008-07-31,13:15,2,0,16,0,0,0,8,0,0,0,0,11,48
2008-07-31,13:20,0,11,0,0,0,9,0,0,0,0,7,0,57
2008-07-31,13:25,5,0,0,0,11,0,0,0,0,9,0,3,57
2008-07-31,13:30,0,0,0,12,0,0,0,0,6,0,1,0,64
2008-07-31,13:35,0,0,11,0,0,0,0,6,0,1,0,3,68
2008-07-31,13:40,0,8,0,0,0,0,6,0,0,0,1,0,77
2008-07-31,13:45,3,0,0,0,0,6,0,0,0,1,0,0,86
2008-07-31,13:50,0,0,0,0,4,0,0,0,0,0,0,9,81
2008-07-31,13:55,0,0,0,2,0,0,0,0,0,0,10,0,86
2008-07-31,14:00,0,0,2,0,0,0,0,0,0,9,0,3,85
2008-07-31,14:05,0,2,0,0,0,0,0,0,9,0,4,5,83
2008-07-31,14:10,2,0,0,0,0,0,0,8,0,5,4,0,92
2008-07-31,14:15,0,0,0,0,0,0,8,0,7,4,0,5,92
2008-07-31,14:20,0,0,0,0,0,6,0,8,5,0,4,3,118
2008-07-31,14:25,0,0,0,0,5,0,12,6,0,4,4,0,159
2008-07-31,14:30,0,0,0,4,0,13,8,0,2,6,0,7,233
2008-07-31,14:35,0,0,4,0,16,9,0,3,8,0,7,3,332
2008-07-31,14:40,0,2,0,16,11,0,2,10,0,9,1,0,386
2008-07-31,14:45,2,0,15,11,0,2,13,0,9,1,0,6,373
2008-07-31,14:50,0,11,10,0,1,15,0,11,0,0,2,0,313
2008-07-31,14:55,5,8,0,2,18,0,15,0,0,2,0,0,234
2008-07-31,15:00,3,0,1,19,0,17,0,0,0,0,0,0,194
2008-07-31,15:05,0,0,17,0,20,0,0,0,0,0,0,0,181
2008-07-31,15:10,1,13,0,21,0,0,0,0,0,0,0,0,189
2008-07-31,15:15,5,0,20,0,0,0,0,0,0,0,0,1,191
2008-07-31,15:20,0,14,0,0,0,0,0,0,0,0,1,2,203
2008-07-31,15:25,6,0,0,0,0,0,0,0,0,1,1,3,207
2008-07-31,15:30,0,0,0,0,0,0,0,0,0,1,3,6,211
2008-07-31,15:35,0,0,0,0,0,0,0,0,0,5,5,8,216
2008-07-31,15:40,0,0,0,0,0,0,0,0,7,6,5,1,214
2008-07-31,15:45,0,0,0,0,0,0,0,9,7,5,1,7,211
2008-07-31,15:50,0,0,0,0,0,0,11,9,3,2,5,2,221
2008-07-31,15:55,0,0,0,0,0,13,11,3,3,6,3,14,212
2008-07-31,16:00,0,0,0,0,15,14,3,4,4,2,10,8,217
2008-07-31,16:05,0,0,0,17,16,3,4,5,3,10,5,2,230
2008-07-31,16:10,0,0,15,17,2,6,3,2,7,6,1,1,236
2008-07-31,16:15,0,10,15,1,6,3,2,9,3,1,1,1,247
2008-07-31,16:20,5,11,1,6,3,2,12,5,0,1,1,1,245
2008-07-31,16:25,5,1,7,2,2,15,5,0,0,1,1,2,240
2008-07-31,16:30,1,4,2,1,16,7,0,0,0,1,1,3,227
2008-07-31,16:35,2,1,1,17,8,0,0,0,0,1,4,5,212
2008-07-31,16:40,1,0,16,8,0,0,0,0,0,4,4,11,185
2008-07-31,16:45,1,12,8,0,0,0,0,0,5,3,11,7,160
2008-07-31,16:50,5,6,0,0,0,0,0,6,3,10,3,4,142
2008-07-31,16:55,2,0,0,0,0,0,8,3,9,4,2,9,129
2008-07-31,17:00,0,0,0,0,0,9,2,9,0,2,5,3,117
2008-07-31,17:05,0,0,0,0,11,2,7,0,0,3,1,3,113
2008-07-31,17:10,0,0,0,11,1,7,0,0,0,2,1,14,101
2008-07-31,17:15,0,0,10,2,5,0,0,0,0,1,11,4,97
2008-07-31,17:20,0,8,1,4,0,0,0,0,0,11,1,7,95
2008-07-31,17:25,3,0,4,0,0,0,0,0,8,2,7,3,105
2008-07-31,17:30,1,2,0,0,0,0,0,8,0,7,3,10,100
2008-07-31,17:35,2,0,0,0,0,0,7,0,8,5,12,0,107
2008-07-31,17:40,0,0,0,0,0,6,0,10,7,16,0,2,108
2008-07-31,17:45,0,0,0,0,5,0,13,9,18,0,1,2,104
2008-07-31,17:50,0,0,0,4,0,16,11,26,0,1,1,0,109
2008-07-31,17:55,0,0,3,0,18,13,34,0,0,1,0,3,107
2008-07-31,18:00,0,2,0,18,15,40,0,0,0,0,3,13,96
2008-07-31,18:05,2,0,18,17,45,0,0,0,0,3,11,0,99
2008-07-31,18:10,0,13,15,47,0,0,0,0,3,10,0,1,98
2008-07-31,18:15,5,10,45,0,0,0,0,2,8,0,1,2,99
2008-07-31,18:20,5,33,0,0,0,0,3,7,0,1,2,3,97
2008-07-31,18:25,14,0,0,0,0,2,6,0,0,1,2,2,101
2008-07-31,18:30,0,0,0,0,1,6,0,0,0,2,1,4,108
2008-07-31,18:35,0,0,0,2,5,0,0,0,0,1,5,4,104
2008-07-31,18:40,0,0,1,3,0,0,0,0,0,6,4,0,103
2008-07-31,18:45,0,0,3,0,0,0,0,0,9,3,0,0,104
2008-07-31,18:50,1,2,0,0,0,0,0,12,4,0,0,7,93
2008-07-31,18:55,2,0,0,0,0,0,15,3,0,0,3,0,95
2008-07-31,19:00,0,0,0,0,0,18,3,0,0,2,0,3,94
2008-07-31,19:05,0,0,0,0,20,2,0,0,0,0,1,6,85
2008-07-31,19:10,0,0,0,21,2,0,0,0,0,1,8,3,81
2008-07-31,19:15,0,0,20,2,0,0,0,0,0,11,1,3,79
2008-07-31,19:20,0,15,1,0,0,0,0,0,14,1,1,0,76
2008-07-31,19:25,6,1,0,0,0,0,0,19,0,1,0,8,69
2008-07-31,19:30,1,0,0,0,0,0,23,0,0,0,3,0,79
2008-07-31,19:35,0,0,0,0,0,29,0,0,0,3,0,0,77
2008-07-31,19:40,0,0,0,0,32,0,0,0,0,0,0,0,73
2008-07-31,19:45,0,0,0,35,0,0,0,0,0,0,0,0,66
2008-07-31,19:50,0,0,32,0,0,0,0,0,0,0,0,0,63
2008-07-31,19:55,0,23,0,0,0,0,0,0,0,0,0,6,48
2008-07-31,20:00,10,0,0,0,0,0,0,0,0,0,3,2,41
2008-07-31,20:05,0,0,0,0,0,0,0,0,0,2,1,3,37
2008-07-31,20:10,0,0,0,0,0,0,0,0,0,1,3,0,33
2008-07-31,20:15,0,0,0,0,0,0,0,0,0,5,0,2,28
2008-07-31,20:20,0,0,0,0,0,0,0,0,7,0,1,2,25
2008-07-31,20:25,0,0,0,0,0,0,0,8,0,1,1,5,20
2008-07-31,20:30,0,0,0,0,0,0,11,0,0,1,5,0,22
2008-07-31,20:35,0,0,0,0,0,13,0,0,0,6,0,0,25
2008-07-31,20:40,0,0,0,0,15,0,0,0,7,0,0,0,27
2008-07-31,20:45,0,0,0,16,0,0,0,10,0,0,0,0,25
2008-07-31,20:50,0,0,15,0,0,0,12,0,0,0,0,0,28
2008-07-31,20:55,0,11,0,0,0,15,0,0,0,0,0,1,27
2008-07-31,21:00,4,0,0,0,16,0,0,0,0,0,0,0,23
2008-07-31,21:05,0,0,0,18,0,0,0,0,0,1,0,0,22
2008-07-31,21:10,0,0,16,0,0,0,0,0,0,0,0,3,16
2008-07-31,21:15,0,12,0,0,0,0,0,0,0,0,4,0,12
2008-07-31,21:20,5,0,0,0,0,0,0,0,0,5,0,2,6
2008-07-31,21:25,0,0,0,0,0,0,0,0,7,0,1,0,4
2008-07-31,21:30,0,0,0,0,0,0,0,10,0,1,0,3,0
2008-07-31,21:35,0,0,0,0,0,0,11,0,0,0,1,0,0
2008-07-31,21:40,0,0,0,0,0,14,0,0,0,1,0,0,0
2008-07-31,21:45,0,0,0,0,16,0,0,0,0,0,0,0,0
2008-07-31,21:50,0,0,0,17,0,0,0,0,0,0,0,0,0
2008-07-31,21:55,0,0,16,0,0,0,0,0,0,0,0,0,0
2008-07-31,22:00,0,11,0,0,0,0,0,0,0,0,0,0,0
2008-07-31,22:05,5,0,0,0,0,0,0,0,0,0,0,0,0
2008-07-31,22:10,0,0,0,0,0,0,0,0,0,0,0,0,0
2008-07-31,22:15,0,0,0,0,0,0,0,0,0,0,0,0,0
2008-07-31,22:20,0,0,0,0,0,0,0,0,0,0,0,0,0
2008-07-31,22:25,0,0,0,0,0,0,0,0,0,0,0,0,0
2008-07-31,22:30,0,0,0,0,0,0,0,0,0,0,0,0,0
2008-07-31,22:35,0,0,0,0,0,0,0,0,0,0,0,0,0
2008-07-31,22:40,0,0,0,0,0,0,0,0,0,0,0,0,0
2008-07-31,22:45,0,0,0,0,0,0,0,0,0,0,0,0,0
2008-07-31,22:50,0,0,0,0,0,0,0,0,0,0,0,0,0
2008-07-31,22:55,0,0,0,0,0,0,0,0,0,0,0,0,0
2008-07-31,23:00,0,0,0,0,0,0,0,0,0,0,0,0,0
2008-07-31,23:05,0,0,0,0,0,0,0,0,0,0,0,0,0
2008-07-31,23:10,0,0,0,0,0,0,0,0,0,0,0,0,0
2008-07-31,23:15,0,0,0,0,0,0,0,0,0,0,0,0,0
2008-07-31,23:20,0,0,0,0,0,0,0,0,0,0,0,0,0
2008-07-31,23:25,0,0,0,0,0,0,0,0,0,0,0,0,0
2008-07-31,23:30,0,0,0,0,0,0,0,0,0,0,0,0,0
2008-07-31,23:35,0,0,0,0,0,0,0,0,0,0,0,0,0
2008-07-31,23:40,0,0,0,0,0,0,0,0,0,0,0,0,0
2008-07-31,23:45,0,0,0,0,0,0,0,0,0,0,0,0,0
2008-07-31,23:50,0,0,0,0,0,0,0,0,0,0,0,0,0
2008-07-31,23:55,0,0,0,0,0,0,0,0,0,0,0,0,0
